date,pred,actual
2017-06-06,0.07265347843408088,0.13404901745912828
2017-06-07,0.1051492316597542,0.021448137699823795
2017-06-08,0.06710353541156827,0.016085935714433557
2017-06-09,0.052911791896504155,0.016085935714433557
2017-06-10,0.05677824670067312,0.016085935714433557
2017-06-11,0.0585396293267447,0.0831109136132141
2017-06-12,0.07524827302648865,0.09115274205947903
2017-06-13,0.0921056067183216,0.03753420746260507
2017-06-14,0.06968112098295798,0.09383424519721573
2017-06-15,0.08183936089819102,0.15013535531860142
2017-06-16,0.10551089641290193,0.15013535531860142
2017-06-17,0.11368974789786009,0.15013535531860142
2017-06-18,0.10435990322519419,0.12868681547373806
2017-06-19,0.10108827637803774,0.09383397710052196
2017-06-20,0.0873270591348054,0.14209165019547637
2017-06-21,0.09884708297055797,0.171582554679996
2017-06-22,0.11491448530823067,0.03753420746260507
2017-06-23,0.07286551637704203,0.03753420746260507
2017-06-24,0.06159611055516113,0.03753420746260507
2017-06-25,0.06373463948430261,0.026810071588520265
2017-06-26,0.06280783131087007,0.005361799840348749
2017-06-27,0.055101256916686964,0.008043302978085462
2017-06-28,0.05747819558217874,0.05630070797634612
2017-06-29,0.06944574778829724,0.06702484385043282
2017-06-30,0.08167272614774818,0.06702484385043282
2017-07-01,0.07738625107553065,0.06702484385043282
2017-07-02,0.07744027244579682,0.08579161246086572
2017-07-03,0.0822958652220131,0.08579161246086572
2017-07-04,0.0843073748533318,0.20911582380417185
2017-07-05,0.12301481724183609,0.04289614135130155
2017-07-06,0.08214872000261116,0.1260055804326951
2017-07-07,0.0858171780765112,0.1260055804326951
2017-07-08,0.10118926608317541,0.1260055804326951
2017-07-09,0.09745636456860365,0.05362027722538635
2017-07-10,0.07490929822716894,0.0991961790859103
2017-07-11,0.0825692613922866,-0.16622008459791177
2017-07-12,0.006958563189799746,-0.06702350336695809
2017-07-13,0.010004538212749853,0.3351204658984358
2017-07-14,0.1590380322413058,0.3351204658984358
2017-07-15,0.19447554591210145,0.3351204658984358
2017-07-16,0.17619809622443788,-0.018766098368697443
2017-07-17,0.0623444854882656,0.09115247396278527
2017-07-18,0.060449252000815655,0.05361920483860941
2017-07-19,0.07614046753854686,0.13404901745912828
2017-07-20,0.09602838093332795,0.0884720432118255
2017-07-21,0.08942966414426654,0.0884720432118255
2017-07-22,0.08253122114932242,0.0884720432118255
2017-07-23,0.0826545485979131,0.13404794507234946
2017-07-24,0.10011429822252955,0.016085935714433557
2017-07-25,0.0669044829723737,0.07238597344904421
2017-07-26,0.07132464808460198,0.10455784487791302
2017-07-27,0.08941867710522572,0.3270783693554762
2017-07-28,0.1627539834518969,0.3270783693554762
2017-07-29,0.18466947687428129,0.3270783693554762
2017-07-30,0.1711929605540562,-0.0965144078514796
2017-07-31,0.037714343929981825,-0.06166183757495727
2017-08-01,0.007321602045382639,0.08579107626747726
2017-08-02,0.07383447695978967,0.04289614135130155
2017-08-03,0.07845291373849675,0.13404848126573887
2017-08-04,0.0985105434759527,0.13404848126573887
2017-08-05,0.10620092062832716,0.13404848126573887
2017-08-06,0.10182429694547224,0.07238624154573893
2017-08-07,0.08413393420779094,1.3404834794950027e-07
2017-08-08,0.052384980924858465,0.061662373768347885
2017-08-09,0.06943590275214373,0.010724538019127455
2017-08-10,0.06223517951533046,0.12868708357043085
2017-08-11,0.08978842183202498,0.12868708357043085
2017-08-12,0.10744972725276687,0.12868708357043085
2017-08-13,0.10082112243400038,0.10723907991895501
2017-08-14,0.09299518383065196,0.06970527460139164
2017-08-15,0.08136923798332446,0.07506747658678092
2017-08-16,0.07615736125901806,-0.03485216813147968
2017-08-17,0.046597326993920794,0.08311064551651844
2017-08-18,0.07482997526225871,0.08311064551651844
2017-08-19,0.08795621577231409,0.08311064551651844
2017-08-20,0.08650377218183393,0.050938774087650594
2017-08-21,0.0727159132269952,0.12868654737704335
2017-08-22,0.09279241433484557,0.0482575390466086
2017-08-23,0.07978125941037631,0.05630017178295765
2017-08-24,0.06883319367402593,0.024129104644172027
2017-08-25,0.06614411536760784,0.024129104644172027
2017-08-26,0.05953464166884759,0.024129104644172027
2017-08-27,0.06233881034475408,0.07774871162782292
2017-08-28,0.07989021608031552,0.11528198075199782
2017-08-29,0.0966128305132953,0.06702430765704341
2017-08-30,0.08204060748957012,0.13404848126573793
2017-08-31,0.0975497712196095,0.05361974103199883
2017-09-01,0.07915702822258391,0.05361974103199883
2017-09-02,0.0687551246160925,0.05361974103199883
2017-09-03,0.07203201824705588,0.05361974103199883
2017-09-04,0.07207848327969361,-0.01608539952104486
2017-09-05,0.051019147177712526,0.12064391464069335
2017-09-06,0.08640042765796595,0.2573732288024325
2017-09-07,0.1454036668113893,0.21715899273390937
2017-09-08,0.14178759420592812,0.21715899273390937
2017-09-09,0.13040319762573394,0.21715899273390937
2017-09-10,0.12884002116913823,0.1447731533332131
2017-09-11,0.10974059151251397,0.20375362181878162
2017-09-12,0.11879904647813343,-0.026808463008351782
2017-09-13,0.05559300334969869,0.0991961790859122
2017-09-14,0.07168827802251926,0.029490502339478135
2017-09-15,0.07169487053127238,0.029490502339478135
2017-09-16,0.05929032494683166,0.029490502339478135
2017-09-17,0.06426779247986851,0.06434334071269421
2017-09-18,0.07509769248756246,0.056299635589569186
2017-09-19,0.07617554278771063,0.13941095134782286
2017-09-20,0.10057478473922651,0.04825807523999802
2017-09-21,0.07948574036814396,0.11528251694538724
2017-09-22,0.08766494598044806,0.11528251694538724
2017-09-23,0.0965984031282896,0.11528251694538724
2017-09-24,0.09825526362646295,0.171582554679996
2017-09-25,0.1091654179946521,0.042895068964522706
2017-09-26,0.07981547118728581,0.14209165019547637
2017-09-27,0.09272060866010952,0.050938774087649644
2017-09-28,0.07923114440900106,0.1447731533332131
2017-09-29,0.09726743457164759,0.1447731533332131
2017-09-30,0.10891069110600352,0.1447731533332131
2017-10-01,0.10660609615046719,0.18766862444277918
2017-10-02,0.11915994770584562,0.12332380919826463
2017-10-03,0.10433082831478395,0.09651467594817359
2017-10-04,0.08636040370736524,0.12064364654399863
2017-10-05,0.09320740846146669,0.1394101470577397
2017-10-06,0.10520494587496194,0.1394101470577397
2017-10-07,0.10499557752874682,0.1394101470577397
2017-10-08,0.10276264188161649,0.10187687793356383
2017-10-09,0.0930829427773586,0.13404901745912828
2017-10-10,0.09920871096519154,0.07506747658678092
2017-10-11,0.08358375237727717,0.08579054007408879
2017-10-12,0.08207667300365414,0.050938774087649644
2017-10-13,0.07511589846920719,0.050938774087649644
2017-10-14,0.07171908909441274,0.050938774087649644
2017-10-15,0.07260988801793727,0.005362872227127599
2017-10-16,0.05715918323728275,0.12868601118365297
2017-10-17,0.09350882899752741,0.07238704583582306
2017-10-18,0.088587624634948,0.0965146759481755
2017-10-19,0.08823349256963584,0.03485270432486837
2017-10-20,0.0699536113822693,0.03485270432486837
2017-10-21,0.06197952437624728,0.03485270432486837
2017-10-22,0.0676350412433688,0.02680980349182651
2017-10-23,0.06592240622849402,0.0965146759481755
2017-10-24,0.08499168987725433,0.018766366465393328
2017-10-25,0.06835348753946663,-0.056300171782958375
2017-10-26,0.03594615527787399,0.050938774087649644
2017-10-27,0.06165457328870044,0.050938774087649644
2017-10-28,0.07723416418006127,0.050938774087649644
2017-10-29,0.0744075171392415,0.12332488158504158
2017-10-30,0.09380640155164682,0.17962491931965224
2017-10-31,0.12289629718659438,0.0911535463495622
2017-11-01,0.0965404351886839,0.026810071588520265
2017-11-02,0.06082081447553967,0.1474538521808647
2017-11-03,0.09770783754332597,0.1474538521808647
2017-11-04,0.11203402218116784,0.1474538521808647
2017-11-05,0.10715703551481245,0.04557657210226131
2017-11-06,0.0752399694668927,0.07506747658678092
2017-11-07,0.0744381770032167,0.0991961790859122
2017-11-08,0.0894418715652756,0.026810071588520265
2017-11-09,0.06833512484654787,0.1340490174591264
2017-11-10,0.09389668369035134,0.1340490174591264
2017-11-11,0.10562929559856235,0.1340490174591264
2017-11-12,0.10404922569619182,0.09115381444625596
2017-11-13,0.08993752899404217,0.21715845654051993
2017-11-14,0.12381374793278056,0.07506747658678092
2017-11-15,0.09088022602898209,0.05630070797634612
2017-11-16,0.06860685873467431,0.12064337844730677
2017-11-17,0.09264852062528572,0.12064337844730677
2017-11-18,0.09764051294035761,0.12064337844730677
2017-11-19,0.09846254656595047,0.04021571060034178
2017-11-20,0.07221552021029412,0.1367297163067799
2017-11-21,0.09548346900192155,0.02949157472625697
2017-11-22,0.07352897068065745,0.02949157472625697
2017-11-23,0.05921461350612724,0.09383424519721573
2017-11-24,0.08390294841882917,0.09383424519721573
2017-11-25,0.0932546090580523,0.09383424519721573
2017-11-26,0.0868446625881227,-0.026809535395130618
2017-11-27,0.05133692872108743,0.0723867777391293
2017-11-28,0.06838458535054444,0.010724001825738988
2017-11-29,0.06637190431682288,0.058981406823999646
2017-11-30,0.07109760653581057,0.0884720432118255
2017-12-01,0.08721836196777888,0.0884720432118255
2017-12-02,0.08806328783466601,0.0884720432118255
2017-12-03,0.08520348586118012,-0.13672918011339216
2017-12-04,0.015864886346947354,0.09651574833495244
2017-12-05,0.06605945533815752,0.06702484385043282
2017-12-06,0.0901155886885291,0.10455811297460868
2017-12-07,0.08989405311043386,0.1474538521808647
2017-12-08,0.10633510021125259,0.1474538521808647
2017-12-09,0.1109083561208643,0.1474538521808647
2017-12-10,0.10662256395216105,0.14745385218086662
2017-12-11,0.10829651395186345,0.09651467594817359
2017-12-12,0.08935300707067273,0.1367297163067799
2017-12-13,0.10035235689809457,0.018767438852170262
2017-12-14,0.06756017637200257,0.12600638472277828
2017-12-15,0.08939636641894876,0.12600638472277828
2017-12-16,0.10243221447265854,0.12600638472277828
2017-12-17,0.09984883885198159,0.08579161246086764
2017-12-18,0.08823214735672581,0.05362027722538826
2017-12-19,0.07287749366964302,-0.010724538019126276
2017-12-20,0.05155960264780194,0.11528144455861031
2017-12-21,0.0879781720667655,0.09115381444625596
2017-12-22,0.09198030871251651,0.09115381444625596
2017-12-23,0.08910720275356537,0.09115381444625596
2017-12-24,0.08836931724975113,0.09115381444625596
2017-12-25,0.08915432026821922,0.12868708357043182
2017-12-26,0.0994277532687471,0.05898221111408473
2017-12-27,0.0802842692136776,0.10992031495999702
2017-12-28,0.0890964998527327,0.056300976073039875
2017-12-29,0.07777726937830967,0.056300976073039875
2017-12-30,0.07350224789183715,0.056300976073039875
2017-12-31,0.07200772798136484,0.056300976073039875
2018-01-01,0.07701832687228749,0.11260074571095677
2018-01-02,0.09357122364427296,0.1367297163067799
2018-01-03,0.10794890394166964,0.07238704583582116
2018-01-04,0.0836650765145263,0.15281471368278426
2018-01-05,0.09952469187259187,0.15281471368278426
2018-01-06,0.11644008202847549,0.15281471368278426
2018-01-07,0.10543560731281995,0.04825727094991294
2018-01-08,0.07894496971655912,0.0723867777391293
2018-01-09,0.07370918906125976,0.11528224884869348
2018-01-10,0.09416720131595849,0.14745385218086662
2018-01-11,0.11049299070484478,0.09115381444625596
2018-01-12,0.09197881445584677,0.09115381444625596
2018-01-13,0.08536607177534451,0.09115381444625596
2018-01-14,0.08756217310153373,0.09115381444625596
2018-01-15,0.08647106518786662,-0.05629936749287329
2018-01-16,0.04050469742029126,0.05898247921077658
2018-01-17,0.06612215529070498,0.08311010932313093
2018-01-18,0.0864001090914515,0.040214638213564836
2018-01-19,0.07261039315216597,0.040214638213564836
2018-01-20,0.06727334566060439,0.040214638213564836
2018-01-21,0.06768314286830496,0.15281471368278426
2018-01-22,0.10486661398130892,0.08042967857217116
2018-01-23,0.09315163491619374,0.07774924782121138
2018-01-24,0.07913272424717269,-0.016085399521043917
2018-01-25,0.05106767891690005,0.06434441309947306
2018-01-26,0.06579439462162472,0.06434441309947306
2018-01-27,0.08149555683428347,0.06434441309947306
2018-01-28,0.07953598029143663,0.03485350861495345
2018-01-29,0.0667034506936836,-0.013404968770086054
2018-01-30,0.0513327645513153,-0.07238570535234834
2018-01-31,0.02646562741130115,0.07238570535235046
2018-02-01,0.07192547352627492,0.13673078869355876
2018-02-02,0.10676676800450344,0.13673078869355876
2018-02-03,0.11033442875308501,0.13673078869355876
2018-02-04,0.1018624482785313,-0.33512100209182505
2018-02-05,-0.04574016330215225,0.3297596043965182
2018-02-06,0.11748460299546962,0.15013535531860334
2018-02-07,0.1483101962558223,-0.010723465632349341
2018-02-08,0.05350012014383694,0.04825834333668987
2018-02-09,0.06025842002185179,0.04825834333668987
2018-02-10,0.07366270617841898,0.04825834333668987
2018-02-11,0.0700612048556687,0.15549621682052286
2018-02-12,0.10528664608127071,0.03753393936591131
2018-02-13,0.07863050601177046,0.23324479439999687
2018-02-14,0.12212961875255376,0.11796267959965326
2018-02-15,0.1112199339764207,0.16085815070921744
2018-02-16,0.10766611422103595,0.16085815070921744
2018-02-17,0.10875714448507862,0.16085815070921744
2018-02-18,0.11254605180484129,0.16085815070921744
2018-02-19,0.11174086390206481,0.10455811297460868
2018-02-20,0.0939442735767492,0.13136858670816853
2018-02-21,0.09819248304238604,0.010724001825738988
2018-02-22,0.06302771039386798,0.15281471368278426
2018-02-23,0.09720831077365578,0.15281471368278426
2018-02-24,0.11560440825629655,0.15281471368278426
2018-02-25,0.11075195288767711,0.117962947696347
2018-02-26,0.09678332601555022,0.042895068964522706
2018-02-27,0.07219560135737582,-0.11528198075199758
2018-02-28,0.01727032123398417,-0.02412803225739392
2018-03-01,0.03044326705786437,0.09651467594817359
2018-03-02,0.08764440806706594,0.09651467594817359
2018-03-03,0.09602870778404884,0.09651467594817359
2018-03-04,0.09067970492699315,0.21447802578956207
2018-03-05,0.12665663719156772,-0.01072319753565558
2018-03-06,0.06724028481826627,0.1072388118222603
2018-03-07,0.07578422591004941,0.06970554269808445
2018-03-08,0.08614730491835766,0.0884720432118255
2018-03-09,0.08435299794373316,0.0884720432118255
2018-03-10,0.08515360603135168,0.0884720432118255
2018-03-11,0.08812106445123076,0.04021437011687108
2018-03-12,0.0692716245933871,0.03753420746260507
2018-03-13,0.06747656798571366,0.0697052746013926
2018-03-14,0.07485963826173998,-0.01072319753565558
2018-03-15,0.05986923021411386,0.19571125717912727
2018-03-16,0.11040929352160936,0.19571125717912727
2018-03-17,0.1351421323949589,0.19571125717912727
2018-03-18,0.12573176563792582,0.005361799840348749
2018-03-19,0.0650257221823563,0.1018776822236489
2018-03-20,0.07726198447184335,0.03753420746260507
2018-03-21,0.07248431662324453,0.08579161246086764
2018-03-22,0.0805885233932722,0.021447869603130033
2018-03-23,0.06786834834451655,0.021447869603130033
2018-03-24,0.05811199676640145,0.021447869603130033
2018-03-25,0.0628428959513152,0.04557657210226131
2018-03-26,0.07089690234738888,0.016085935714433557
2018-03-27,0.0612596077646049,0.10723988420903724
2018-03-28,0.08701103000328546,0.08847311559860434
2018-03-29,0.09332802045176176,0.08847311559860434
2018-03-30,0.08542200851896234,0.08847311559860434
2018-03-31,0.08536759118380775,0.08847311559860434
2018-04-01,0.08718508294753193,0.021448137699823795
2018-04-02,0.06406481561686006,0.06434441309947306
2018-04-03,0.07048251505028846,0.19571125717912727
2018-04-04,0.1195674845499091,0.13404794507234946
2018-04-05,0.11283316973655352,0.029490502339478135
2018-04-06,0.06701307928829914,0.029490502339478135
2018-04-07,0.05613324372132723,0.029490502339478135
2018-04-08,0.06437151455831291,0.11260208619442746
2018-04-09,0.09158984665652573,0.17962518741634598
2018-04-10,0.12054422826784521,0.08579054007408879
2018-04-11,0.09191655482979613,0.05898247921077658
2018-04-12,0.07128813403027842,0.07506747658678092
2018-04-13,0.07876255181579851,0.07506747658678092
2018-04-14,0.08024424913919811,0.07506747658678092
2018-04-15,0.08131160292692108,0.016085935714433557
2018-04-16,0.06329208325202118,0.10455838107130053
2018-04-17,0.08481853039765672,0.10992058305669077
2018-04-18,0.09677392669778809,-0.037532598882438484
2018-04-19,0.05020712652470285,0.05630070797634802
2018-04-20,0.061414213854474646,0.05630070797634802
2018-04-21,0.08144078759618893,0.05630070797634802
2018-04-22,0.07262497278389843,0.058981138727305885
2018-04-23,0.07651727324023029,0.008043302978085462
2018-04-24,0.05973332888470431,0.10455838107130053
2018-04-25,0.08345588981002316,0.05361920483860941
2018-04-26,0.07912549769689958,0.13404901745912828
2018-04-27,0.09659710990815586,0.13404901745912828
2018-04-28,0.10622336355486138,0.13404901745912828
2018-04-29,0.10129893007165723,0.07774817543443255
2018-04-30,0.08264355925342985,0.1957109890824335
2018-05-01,0.11556821833093577,-0.0026808328960012395
2018-05-02,0.0684334105610512,0.07774817543443445
2018-05-03,0.06589136775615864,0.09383531758399266
2018-05-04,0.08949548498705147,0.09383531758399266
2018-05-05,0.08536561435798798,0.09383531758399266
2018-05-06,0.09004108428264676,0.12868708357043182
2018-05-07,0.09975180956093169,0.03485270432486837
2018-05-08,0.07030672473538696,0.20375388991547538
2018-05-09,0.114907942814017,0.07506747658678092
2018-05-10,0.09439611673856065,0.11528251694538724
2018-05-11,0.08790395822234985,0.11528251694538724
2018-05-12,0.09699007356477402,0.11528251694538724
2018-05-13,0.09530769958581053,0.06434334071269421
2018-05-14,0.0774530527124593,0.10723988420903724
2018-05-15,0.0898445590917854,0.0804294104754774
2018-05-16,0.08583772330407252,0.02412856845078356
2018-05-17,0.061554120014959524,0.3163550377714736
2018-05-18,0.14990473667150708,0.3163550377714736
2018-05-19,0.18342431708417617,0.3163550377714736
2018-05-20,0.1686719006715967,0.04825834333668987
2018-05-21,0.08463659493043807,0.05630070797634612
2018-05-22,0.058101672442794836,0.07774790733774069
2018-05-23,0.0791937984477257,0.04021571060034178
2018-05-24,0.07223635629269777,0.1340490174591264
2018-05-25,0.0982376564474956,0.1340490174591264
2018-05-26,0.10627297984843498,0.1340490174591264
2018-05-27,0.10345135248126378,0.1340490174591264
2018-05-28,0.10098296048116387,0.05898221111408282
2018-05-29,0.08069850206959381,0.13941121944451662
2018-05-30,0.09758207439050097,0.08311010932312902
2018-05-31,0.0912364682196394,0.0991961790859103
2018-06-01,0.08499036729711722,0.0991961790859103
2018-06-02,0.09110138790291089,0.0991961790859103
2018-06-03,0.09172550146677287,0.002681369089388985
2018-06-04,0.060252891795926126,0.024129372740868647
2018-06-05,0.05756085167541956,0.09651574833495244
2018-06-06,0.08494178055257029,9.383384292210861e-07
2018-06-07,0.0661573596954858,0.07238597344904421
2018-06-08,0.07287656321629077,0.07238597344904421
2018-06-09,0.08299147750028765,0.07238597344904421
2018-06-10,0.08018530157206441,0.08311010932312902
2018-06-11,0.08314645069809223,0.040214638213564836
2018-06-12,0.07297700349210345,0.013405236866781939
2018-06-13,0.059736797840513375,0.018767438852170262
2018-06-14,0.05796326813921662,0.06434334071269421
2018-06-15,0.07735640175489733,0.06434334071269421
2018-06-16,0.07823634219731296,0.06434334071269421
2018-06-17,0.07791228073899215,0.08042833808869856
2018-06-18,0.08291141107445048,0.1340482131690432
2018-06-19,0.10071357263562326,0.07506747658678092
2018-06-20,0.08962182182857845,-0.0482567347565233
2018-06-21,0.039230607258352285,0.0831109136132141
2018-06-22,0.0703690875376496,0.0831109136132141
2018-06-23,0.09134851974544603,0.0831109136132141
2018-06-24,0.08517111261566437,-0.0026797605092224036
2018-06-25,0.0566433595646543,-0.005361263646959116
2018-06-26,0.04884922827927379,0.013405236866781939
2018-06-27,0.05766923693977121,0.20107345916451752
2018-06-28,0.11847202233537726,0.050938774087649644
2018-06-29,0.09041516653433515,0.050938774087649644
2018-06-30,0.06679763692850435,0.050938774087649644
2018-07-01,0.06709577828466648,0.1554964849172147
2018-07-02,0.10909233736802784,0.056299635589569186
2018-07-03,0.08271969356446995,0.056299635589569186
2018-07-04,0.06963957565296869,0.21715818844382617
2018-07-05,0.12343655198099332,0.15013401483513072
2018-07-06,0.12054869809972618,0.15013401483513072
2018-07-07,0.10570936014861926,0.15013401483513072
2018-07-08,0.10447010120146472,0.08579161246086572
2018-07-09,0.0877446031373158,0.042895068964522706
2018-07-10,0.06666303662354507,0.10455730868452359
2018-07-11,0.08564280125732185,0.2573732288024344
2018-07-12,0.14365419530617904,0.19571125717912535
2018-07-13,0.13655345397428378,0.19571125717912535
2018-07-14,0.12126182572271284,0.19571125717912535
2018-07-15,0.12220226459806498,0.05630070797634612
2018-07-16,0.07997615868332054,0.15549621682052095
2018-07-17,0.09810558421670436,0.1206444508340837
2018-07-18,0.10474963532589085,0.013405504963473792
2018-07-19,0.060896162144546774,0.12332380919826463
2018-07-20,0.09057801670176178,0.12332380919826463
2018-07-21,0.10462501245362338,0.12332380919826463
2018-07-22,0.09710488681146034,0.07506747658678092
2018-07-23,0.08962274001694048,0.13672944821008615
2018-07-24,0.0972373323658918,0.1769436842786093
2018-07-25,0.12078963813874452,0.12600665281947204
2018-07-26,0.1038967504930525,0.06434360880938797
2018-07-27,0.07898001405862252,0.06434360880938797
2018-07-28,0.07387191341301809,0.06434360880938797
2018-07-29,0.07725565086585584,0.1179629476963451
2018-07-30,0.09567710775591018,0.15549621682052095
2018-07-31,0.113350295474932,0.0911535463495622
2018-08-01,0.09081402992509564,0.22520216166364687
2018-08-02,0.12884087906909458,0.15549621682052095
2018-08-03,0.1211135359170465,0.15549621682052095
2018-08-04,0.10778028956427053,0.15549621682052095
2018-08-05,0.1074841379932231,0.16622035269460578
2018-08-06,0.11695174524081538,-0.024129104644170854
2018-08-07,0.05448775350240759,0.14745358408417286
2018-08-08,0.09065904358646687,0.03753420746260507
2018-08-09,0.08373136493344036,0.06970527460139068
2018-08-10,0.07424070861756345,0.06970527460139068
2018-08-11,0.07882032522884208,0.06970527460139068
2018-08-12,0.08147776673651949,-0.02144760150643414
2018-08-13,0.0515022378278475,0.09651467594817359
2018-08-14,0.08225623276460747,0.026810071588520265
2018-08-15,0.0749714365667919,-0.024129104644170854
2018-08-16,0.04642131616442951,0.029490502339480036
2018-08-17,0.061106541515105514,0.029490502339480036
2018-08-18,0.06634035443797218,0.029490502339480036
2018-08-19,0.06849122250491066,0.14209165019547637
2018-08-20,0.09939801079008728,-0.010724538019126276
2018-08-21,0.06659495304669028,-0.0026808328960012395
2018-08-22,0.04697624497013515,-0.08579000388070104
2018-08-23,0.02775389197468233,0.021447869603130033
2018-08-24,0.051045439880640246,0.021447869603130033
2018-08-25,0.0665528782901188,0.021447869603130033
2018-08-26,0.06321552938323291,0.058981138727305885
2018-08-27,0.07653595585570516,0.10187795032034266
2018-08-28,0.09134929851145823,0.09115381444625596
2018-08-29,0.08958610673185809,0.12332380919826463
2018-08-30,0.09744486483225245,0.11260074571095677
2018-08-31,0.09829314034447316,0.11260074571095677
2018-09-01,0.0929936129465351,0.11260074571095677
2018-09-02,0.09413280171900357,0.11260074571095677
2018-09-03,0.10008221327314941,0.07238597344904421
2018-09-04,0.08144084526543426,0.02412937274086674
2018-09-05,0.062282005608914615,0.04289614135130155
2018-09-06,0.06782493483401962,0.13672944821008615
2018-09-07,0.1019985559665925,0.13672944821008615
2018-09-08,0.10726183367843989,0.13672944821008615
2018-09-09,0.10469463127000433,0.05361920483860941
2018-09-10,0.07914481083246382,0.1018776822236489
2018-09-11,0.08390865012180317,0.07506747658678092
2018-09-12,0.08605633998918635,0.07238704583582116
2018-09-13,0.08001644943567181,0.09651574833495244
2018-09-14,0.08638434374042622,0.09651574833495244
2018-09-15,0.0910662108438873,0.09651574833495244
2018-09-16,0.09089134373823851,0.11260181809773372
2018-09-17,0.09397078925537106,0.13136858670816853
2018-09-18,0.10180387980925225,0.05630070797634612
2018-09-19,0.08086739649410105,0.14745358408417286
2018-09-20,0.1008190894055371,0.1340490174591264
2018-09-21,0.10838290871402978,0.1340490174591264
2018-09-22,0.10149217537533409,0.1340490174591264
2018-09-23,0.10134268901689801,0.11528117646191463
2018-09-24,0.09774670286256977,0.15281471368278426
2018-09-25,0.10413036345879219,0.08847311559860434
2018-09-26,0.09168212270916153,0.1554972892072998
2018-09-27,0.10564108662361438,0.09383424519721573
2018-09-28,0.09343083515260611,0.09383424519721573
2018-09-29,0.08497964625906564,0.09383424519721573
2018-09-30,0.08428166399636494,0.050938774087649644
2018-10-01,0.07641169954084598,0.1501342829318245
2018-10-02,0.10253743573787907,0.10455838107130053
2018-10-03,0.09858264665352291,0.018766366465393328
2018-10-04,0.06645184872028852,0.0991961790859103
2018-10-05,0.08074321727215213,0.0991961790859103
2018-10-06,0.09545528266295311,0.0991961790859103
2018-10-07,0.08749279335144795,0.06434334071269421
2018-10-08,0.08264245721063722,0.25201129491373603
2018-10-09,0.1356253144200538,-0.01876717075547628
2018-10-10,0.06861136952285662,-0.05093850599095376
2018-10-11,0.02692148818204862,9.383384311223431e-07
2018-10-12,0.04937735108716046,9.383384311223431e-07
2018-10-13,0.05757970338037382,9.383384311223431e-07
2018-10-14,0.05576868862735539,0.09651574833495244
2018-10-15,0.08658234718241485,0.26273543078782274
2018-10-16,0.14626410468483023,0.05630070797634612
2018-10-17,0.09578290195915432,0.03217200547721674
2018-10-18,0.05935640151675692,0.04289506896452461
2018-10-19,0.0667850816738672,0.04289506896452461
2018-10-20,0.06897751443348896,0.04289506896452461
2018-10-21,0.07103324822307296,0.026811143975297207
2018-10-22,0.06788115211541326,0.19034905519373896
2018-10-23,0.11324506506124613,-0.3431625624413962
2018-10-24,-0.03392111753902899,0.3029493987596502
2018-10-25,0.10669278080261574,0.25737349689912625
2018-10-26,0.17906997681995918,0.25737349689912625
2018-10-27,0.14963860563760545,0.25737349689912625
2018-10-28,0.14681399371242773,-0.0482567347565252
2018-10-29,0.048298432485329695,0.171582554679996
2018-10-30,0.09230256509995137,-0.0831095731297413
2018-10-31,0.04546442369017144,0.08579054007408879
2018-11-01,0.06801876053359365,-0.02680980349182438
2018-11-02,0.05862352515659846,-0.02680980349182438
2018-11-03,0.04005292882717826,-0.02680980349182438
2018-11-04,0.0443262948292069,0.1474538521808647
2018-11-05,0.10051621137756964,0.07238704583582116
2018-11-06,0.09382713159967619,0.1715825546799979
2018-11-07,0.10982274648108392,0.25737349689912625
2018-11-08,0.1489920469477609,0.06434441309947306
2018-11-09,0.091188681229232,0.06434441309947306
2018-11-10,0.06964031128790535,0.06434441309947306
2018-11-11,0.07725047715570553,6.702417354592649e-07
2018-11-12,0.056054627952372565,0.06970661508486138
2018-11-13,0.07180993484595202,0.0241296408375605
2018-11-14,0.0708049501335381,0.09919644718260597
2018-11-15,0.08531950431084534,0.26809629228974036
2018-11-16,0.14784290732290586,0.26809629228974036
2018-11-17,0.15929030055922433,0.26809629228974036
2018-11-18,0.15260558268069405,0.16890078344556553
2018-11-19,0.12049948338869595,0.005362872227127599
2018-11-20,0.05941734567953024,0.08847231130851925
2018-11-21,0.07139626710676292,0.08847231130851925
2018-11-22,0.08941164525571735,0.19839168793008705
2018-11-23,0.12106394746967875,0.19839168793008705
2018-11-24,0.13574707750119674,0.19839168793008705
2018-11-25,0.12388608105023707,0.050938774087651545
2018-11-26,0.08335655883493902,0.18230669055408272
2018-11-27,0.10467088673455469,0.17426298543095575
2018-11-28,0.12600121613027815,0.13672944821008806
2018-11-29,0.10775717897720083,0.050938774087651545
2018-11-30,0.07568758802458977,0.050938774087651545
2018-12-01,0.06633978647596762,0.050938774087651545
2018-12-02,0.07724471487800852,-0.029490234242784144
2018-12-03,0.04681595637480067,0.05630070797634612
2018-12-04,0.06955653190193198,0.05630070797634612
2018-12-05,0.0807599589787434,0.12868708357043182
2018-12-06,0.09903133291078745,-0.008043034881389577
2018-12-07,0.06589406350661756,-0.008043034881389577
2018-12-08,0.04378162830991425,-0.008043034881389577
2018-12-09,0.05289059126328324,-0.04557630400556542
2018-12-10,0.040887186739885596,-0.05361866864522166
2018-12-11,0.036265427540165,0.07506747658678092
2018-12-12,0.0759252349819729,0.06970661508486138
2018-12-13,0.08865213780074813,0.06166290996173635
2018-12-14,0.07960178314097817,0.06166290996173635
2018-12-15,0.07751717315714644,0.06166290996173635
2018-12-16,0.07592968275089815,-0.15281551797286722
2018-12-17,0.011564760771771349,0.010724001825737087
2018-12-18,0.040167907928131553,-0.061661569478261624
2018-12-19,0.0417094009219139,-0.15817637947478483
2018-12-20,0.0015636053397204142,0.024128300354089804
2018-12-21,0.04816266357943429,0.024128300354089804
2018-12-22,0.0739343123138533,0.024128300354089804
2018-12-23,0.06670489112528094,-0.19570964859896067
2018-12-24,-0.006711331598918013,-0.19570964859896067
2018-12-25,-0.02692364173509451,0.3592505088810378
2018-12-26,0.15815845813782486,0.1823053500706101
2018-12-27,0.1553555273148725,0.13404901745912828
2018-12-28,0.10109248633795075,0.13404901745912828
2018-12-29,0.0968839271041059,0.13404901745912828
2018-12-30,0.10361106953603479,0.1179629476963451
2018-12-31,0.0951328254437907,0.1179629476963451
2019-01-01,0.09512280874397747,0.09651467594817359
2019-01-02,0.08904805560150467,0.06166290996173635
2019-01-03,0.08196875343925208,0.17158228658330224
2019-01-04,0.10572413899978741,0.17158228658330224
2019-01-05,0.11993864175037175,0.17158228658330224
2019-01-06,0.11791655252009317,0.016085935714433557
2019-01-07,0.06579676400856782,0.008043302978085462
2019-01-08,0.05016665974090434,-0.01876717075547628
2019-01-09,0.04627969430976593,0.13404794507235135
2019-01-10,0.09466052623024125,-0.11796133911617851
2019-01-11,0.03278719704250585,-0.11796133911617851
2019-01-12,-0.0024574911165441415,-0.11796133911617851
2019-01-13,0.009590566198455094,-0.19034878709704117
2019-01-14,-0.009425354639218092,0.12332514968173533
2019-01-15,0.08145240724303143,0.08042967857216925
2019-01-16,0.10055456738374605,0.15817771995825766
2019-01-17,0.10923642390283747,0.010723733729045226
2019-01-18,0.06760143220337132,0.010723733729045226
2019-01-19,0.048394367689179305,0.010723733729045226
2019-01-20,0.05926612170624777,0.010723733729045226
2019-01-21,0.054178457613269386,0.016085667617741703
2019-01-22,0.06056040569715056,-0.016085399521043917
2019-01-23,0.05019400077641997,-0.05093716550748498
2019-01-24,0.0336197437932411,0.04289614135130155
2019-01-25,0.06203549515732883,0.04289614135130155
2019-01-26,0.07300375812313384,0.04289614135130155
2019-01-27,0.06604648679981129,0.056300976073039875
2019-01-28,0.07478362944578226,-0.0026808328960012395
2019-01-29,0.05591936963171762,0.040214638213564836
2019-01-30,0.06234487343005937,0.11796402008312395
2019-01-31,0.09151664592239844,0.0884733836952981
2019-02-01,0.09228262663716129,0.0884733836952981
2019-02-02,0.08370597680692593,0.0884733836952981
2019-02-03,0.08657896944382167,0.06434334071269612
2019-02-04,0.073817547282781,0.10187660983687007
2019-02-05,0.0869057504108983,0.04557657210226131
2019-02-06,0.07539654686592537,-0.008042766784695815
2019-02-07,0.047431388106051,0.10455704058782983
2019-02-08,0.08208606987717715,0.10455704058782983
2019-02-09,0.09265105667092638,0.10455704058782983
2019-02-10,0.09143995653051322,0.04289614135130155
2019-02-11,0.0691599160686979,0.10992031495999702
2019-02-12,0.08718357686673256,0.005362872227125698
2019-02-13,0.061287880087269,0.34584486986921437
2019-02-14,0.1566548596135932,0.243967589790611
2019-02-15,0.16412345960856747,0.243967589790611
2019-02-16,0.1356821566026804,0.243967589790611
2019-02-17,0.1365367346975379,0.243967589790611
2019-02-18,0.14100949964967802,0.20643432066643513
2019-02-19,0.1276539977579779,0.15281471368278426
2019-02-20,0.10682334744348798,0.0804294104754774
2019-02-21,0.08410706072031195,0.20911582380417185
2019-02-22,0.11640797757895406,0.20911582380417185
2019-02-23,0.13485398509387395,0.20911582380417185
2019-02-24,0.12956838737587967,0.07506747658678092
2019-02-25,0.08480934975291145,0.17694475666538623
2019-02-26,0.10673951770163026,0.16353884955687098
2019-02-27,0.11694234425761332,0.1849881936918194
2019-02-28,0.11917160533240237,0.11528117646191655
2019-03-01,0.0994766297135635,0.11528117646191655
2019-03-02,0.08976414371663606,0.11528117646191655
2019-03-03,0.09382126774427353,0.06434334071269612
2019-03-04,0.08304788653043443,0.2761399974128673
2019-03-05,0.13889632900270937,-0.013404968770086054
2019-03-06,0.07232036959814898,0.0884720432118255
2019-03-07,0.06941957468683847,0.16085815070921744
2019-03-08,0.11247668148737029,0.16085815070921744
2019-03-09,0.11546020777080757,0.16085815070921744
2019-03-10,0.11071675739812581,0.2198388872914797
2019-03-11,0.1327955799178765,0.13136751432138968
2019-03-12,0.11070113335846436,0.17426298543095575
2019-03-13,0.11098295181555307,0.0723867777391293
2019-03-14,0.08856617070629166,0.13672944821008806
2019-03-15,0.09579618179660816,0.13672944821008806
2019-03-16,0.10630317165112933,0.13672944821008806
2019-03-17,0.10430540455155621,0.09115381444625596
2019-03-18,0.09181480168200051,0.06970554269808445
2019-03-19,0.07668138855152944,0.0616626418650426
2019-03-20,0.0759265723290424,0.08579161246086764
2019-03-21,0.0858431945043774,0.11260074571095677
2019-03-22,0.09319457725270344,0.11260074571095677
2019-03-23,0.09594266636483764,0.11260074571095677
2019-03-24,0.097145741904193,0.06166290996173635
2019-03-25,0.08017425160246766,0.05361947293530317
2019-03-26,0.07084203893552546,0.0884733836952981
2019-03-27,0.08623688423495879,0.029490502339478135
2019-03-28,0.07097884366653029,0.0884720432118255
2019-03-29,0.07838441188074106,0.0884720432118255
2019-03-30,0.0903305350619199,0.0884720432118255
2019-03-31,0.08653386493401714,0.029491306629563216
2019-04-01,0.06997948132833526,0.16890078344556742
2019-04-02,0.10502483161263912,0.04557657210226131
2019-04-03,0.08573751704437835,0.005361799840348749
2019-04-04,0.05402528363746735,0.12868708357043182
2019-04-05,0.09173857824488676,0.12868708357043182
2019-04-06,0.10813974488961525,0.12868708357043182
2019-04-07,0.1007504503974555,0.016085935714433557
2019-04-08,0.06964569136349512,0.050938774087651545
2019-04-09,0.06508920610264254,0.018767438852170262
2019-04-10,0.06278020285806546,-0.05361893674191354
2019-04-11,0.035780200352968125,0.04825807523999802
2019-04-12,0.06545752682627873,0.04825807523999802
2019-04-13,0.07475573904860615,0.04825807523999802
2019-04-14,0.07406774475869939,0.08847311559860244
2019-04-15,0.08298482079029573,-0.13940961086435003
2019-04-16,0.017939563038507106,-0.07238570535234834
2019-04-17,0.013325121055243055,0.08311010932312902
2019-04-18,0.0790409181859381,0.08311010932312902
2019-04-19,0.09657041988141324,0.08311010932312902
2019-04-20,0.08631992098571255,0.08311010932312902
2019-04-21,0.08400214046113379,0.06702484385043282
2019-04-22,0.08014192960419984,0.09115274205947903
2019-04-23,0.0843045600914473,0.07506747658678092
2019-04-24,0.08290466608015454,0.24665016531512463
2019-04-25,0.13479990728164468,0.11528251694538533
2019-04-26,0.1121194464560286,0.11528251694538533
2019-04-27,0.08867025819455336,0.11528251694538533
2019-04-28,0.09471540456533117,-0.026809535395130618
2019-04-29,0.051266840698383206,-0.05093823789426191
2019-04-30,0.029641207089124155,0.03217200547721484
2019-05-01,0.05914237071724808,0.07238597344904421
2019-05-02,0.08344434262348113,0.0991961790859103
2019-05-03,0.09065129703209798,0.0991961790859103
2019-05-04,0.09313146119205125,0.0991961790859103
2019-05-05,0.08978239346067242,0.19034905519373704
2019-05-06,0.11660471541601367,-0.026809535395130618
2019-05-07,0.06013671331586809,0.029490502339478135
2019-05-08,0.05167925966502067,0.07506747658678092
2019-05-09,0.0774280564294724,-0.03485190003478496
2019-05-10,0.047713270923324363,-0.03485190003478496
2019-05-11,0.037827402703102066,-0.03485190003478496
2019-05-12,0.038126035591958034,0.07238597344904421
2019-05-13,0.07574667244776187,0.08579161246086764
2019-05-14,0.09131875676709116,0.09383397710052196
2019-05-15,0.08617330160712768,0.09115247396278527
2019-05-16,0.08796711169282187,0.11528144455860839
2019-05-17,0.09414832804827006,0.11528144455860839
2019-05-18,0.09463679752907851,0.11528144455860839
2019-05-19,0.09316863402134105,0.1286870835704299
2019-05-20,0.09928750773929422,0.13672944821008615
2019-05-21,0.10306793914989186,0.33512180638190653
2019-05-22,0.164507932118779,0.07506747658678092
2019-05-23,0.10445665949770196,0.07774897972451764
2019-05-24,0.06803945754474232,0.07774897972451764
2019-05-25,0.07957815485485858,0.07774897972451764
2019-05-26,0.0788493652087193,0.07774897972451764
2019-05-27,0.08046271329327179,-0.05630043987965022
2019-05-28,0.04210596763030722,0.040214638213564836
2019-05-29,0.057132838405414055,0.013404164480004997
2019-05-30,0.06505607647487674,0.14209165019547637
2019-05-31,0.09768445351330601,0.14209165019547637
2019-06-01,0.1123808087844039,0.14209165019547637
2019-06-02,0.10300457823662931,0.037534207462606974
2019-06-03,0.07321069100781627,0.117962947696347
2019-06-04,0.08781207331852839,0.05362027722538635
2019-06-05,0.07958558047161632,0.08042967857217116
2019-06-06,0.07902561296927181,0.029491306629563216
2019-06-07,0.0669574727728561,0.029491306629563216
2019-06-08,0.06183605625359266,0.029491306629563216
2019-06-09,0.06087580547273136,0.19034905519373896
2019-06-10,0.11770701512291334,-0.005361531743652864
2019-06-11,0.0701855967609957,0.18498712130504058
2019-06-12,0.10192211152929322,0.10187687793356383
2019-06-13,0.1042082789730604,0.07238597344904421
2019-06-14,0.07737043342583833,0.07238597344904421
2019-06-15,0.07808404662781471,0.07238597344904421
2019-06-16,0.0772342032072311,0.1876678201526941
2019-06-17,0.11662129324628073,0.171582554679996
2019-06-18,0.12311499403401356,0.20911582380417185
2019-06-19,0.12782928831453058,-0.00804169439791888
2019-06-20,0.06425967851512537,0.1501342829318245
2019-06-21,0.0891874438435016,0.1501342829318245
2019-06-22,0.1142206850468021,0.1501342829318245
2019-06-23,0.1080836111387643,0.06434441309947306
2019-06-24,0.08017998104582413,0.013405504963475694
2019-06-25,0.05752618533303129,0.005362604130433837
2019-06-26,0.0541070055011783,0.10992031495999702
2019-06-27,0.08729273169328318,0.018766366465393328
2019-06-28,0.07183578697792312,0.018766366465393328
2019-06-29,0.05698953951147604,0.018766366465393328
2019-06-30,0.059059503678336844,-0.01608566761773958
2019-07-01,0.05016593268481898,0.1715825546799979
2019-07-02,0.10788184047532873,0.08311118170990596
2019-07-03,0.09794831504999527,0.08311118170990596
2019-07-04,0.08110211649378424,-0.10723827562887064
2019-07-05,0.024501532881662888,-0.10723827562887064
2019-07-06,0.0024773240471638036,-0.10723827562887064
2019-07-07,0.012527671465236506,0.09651574833495244
2019-07-08,0.07897253866491577,0.07238704583582116
2019-07-09,0.09133144472667237,0.04289614135130155
2019-07-10,0.07234451842404763,-0.05093716550748306
2019-07-11,0.03782462561263194,0.037534207462606974
2019-07-12,0.05926322505565977,0.037534207462606974
2019-07-13,0.06882176136952642,0.037534207462606974
2019-07-14,0.0666430946118078,0.06434441309947306
2019-07-15,0.07373261477292122,0.03217200547721674
2019-07-16,0.06705168484887059,0.07774790733774069
2019-07-17,0.07794881983461144,0.19302975404139056
2019-07-18,0.1200221545891053,-0.032171469283827095
2019-07-19,0.057724961519782236,-0.032171469283827095
2019-07-20,0.03114849077860414,-0.032171469283827095
2019-07-21,0.038503973637188306,0.05362027722538826
2019-07-22,0.06926993176014248,0.05362027722538826
2019-07-23,0.07845446488978877,0.12064337844730488
2019-07-24,0.09418142264318663,0.03753420746260507
2019-07-25,0.0734141879595173,0.20911582380417185
2019-07-26,0.11664546874439391,0.20911582380417185
2019-07-27,0.13572144766523125,0.20911582380417185
2019-07-28,0.12889497706326314,0.029490502339480036
2019-07-29,0.07327218501747347,0.06434334071269421
2019-07-30,0.06408968326264063,0.16353884955686904
2019-07-31,0.1057827497228606,0.19034905519373704
2019-08-01,0.12666898051427672,0.042895068964522706
2019-08-02,0.07749847547075416,0.042895068964522706
2019-08-03,0.059561241091101294,0.042895068964522706
2019-08-04,0.06588123479892752,-0.005361531743652864
2019-08-05,0.05302620305216355,0.04825727094991294
2019-08-06,0.06780835065097987,0.17158148229321907
2019-08-07,0.11188879514037314,0.12600531233600135
2019-08-08,0.10672000661006475,-0.05361893674191354
2019-08-09,0.03937037164676558,-0.05361893674191354
2019-08-10,0.024352530048643864,-0.05361893674191354
2019-08-11,0.03036823137244142,-0.040214102020175196
2019-08-12,0.040682738448442085,0.1528157860695612
2019-08-13,0.09933333966635563,-0.08847070272835267
2019-08-14,0.04455212852243243,0.11260074571095677
2019-08-15,0.07391785517393629,0.0697052746013926
2019-08-16,0.0887685424871734,0.0697052746013926
2019-08-17,0.0749488184258326,0.0697052746013926
2019-08-18,0.07982247312657474,0.034852436228174605
2019-08-19,0.06732702771817003,0.002681369089388985
2019-08-20,0.05320690486779349,0.17694341618191553
2019-08-21,0.10477712377541296,0.04557684019895317
2019-08-22,0.08358106830361832,-0.11259940522748205
2019-08-23,0.014676316370893797,-0.11259940522748205
2019-08-24,-0.00017161964617332104,-0.11259940522748205
2019-08-25,0.011467510049248453,0.03485350861495345
2019-08-26,0.05827502711465288,0.0804294104754774
2019-08-27,0.08751184282402716,0.07506747658678092
2019-08-28,0.08248356656603253,0.12064337844730488
2019-08-29,0.09286432600827657,0.04825727094991294
2019-08-30,0.07649646531234565,0.04825727094991294
2019-08-31,0.06257670566086443,0.04825727094991294
2019-09-01,0.07032367631350273,0.04825727094991294
2019-09-02,0.06654402263075378,0.10455811297460868
2019-09-03,0.08975761131276805,0.05362027722538826
2019-09-04,0.07597675618729177,0.02680980349182651
2019-09-05,0.06022229480508265,0.04289614135130155
2019-09-06,0.06429902458075372,0.04289614135130155
2019-09-07,0.06609443650657588,0.04289614135130155
2019-09-08,0.06760491879703581,0.024128300354089804
2019-09-09,0.06143564719700169,0.2949064979266084
2019-09-10,0.14413294561118778,0.13940987896104592
2019-09-11,0.1251995406286794,0.0884733836952981
2019-09-12,0.07757322994233151,0.04825807523999802
2019-09-13,0.06827572023094555,0.04825807523999802
2019-09-14,0.06509620092953342,0.04825807523999802
2019-09-15,0.06798019795105804,-0.06434307261599834
2019-09-16,0.033424763319217676,0.07774897972451764
2019-09-17,0.06697133014910639,0.1260055804326951
2019-09-18,0.1003785574648685,0.06970554269808445
2019-09-19,0.08491231661391668,0.06702484385043092
2019-09-20,0.07311797298474994,0.06702484385043092
2019-09-21,0.07365424866386763,0.06702484385043092
2019-09-22,0.07335056966743864,-0.06166237376834671
2019-09-23,0.03600590435540524,0.029490502339478135
2019-09-24,0.051055247972769766,0.0911535463495641
2019-09-25,0.08492761264307012,-0.03485216813147872
2019-09-26,0.04737671577628609,0.018766366465393328
2019-09-27,0.05051540975702654,0.018766366465393328
2019-09-28,0.05454693956608897,0.018766366465393328
2019-09-29,0.061352792508391076,0.01876743885217217
2019-09-30,0.058006684289889976,-0.02412803225739392
2019-10-01,0.046067927808750284,-0.018766902658780615
2019-10-02,0.03960229700287988,0.15281471368278426
2019-10-03,0.1003694559723694,0.0616626418650426
2019-10-04,0.08572396823961415,0.0616626418650426
2019-10-05,0.06855504616688354,0.0616626418650426
2019-10-06,0.07263828128553382,0.08311010932313093
2019-10-07,0.07990564563959815,-0.029489966146090396
2019-10-08,0.04709883039856208,0.050938774087651545
2019-10-09,0.06046628285254567,0.1823053500706101
2019-10-10,0.11300420708214923,0.03217200547721674
2019-10-11,0.07567471008801918,0.03217200547721674
2019-10-12,0.05473702702772868,0.03217200547721674
2019-10-13,0.060612360317978155,0.03485243622817651
2019-10-14,0.06265854496336061,0.19839168793008705
2019-10-15,0.11585163184771358,0.021447869603130033
2019-10-16,0.0735144720149291,0.02412937274086674
2019-10-17,0.053597774834130564,-0.008042766784695815
2019-10-18,0.046996744545128095,-0.008042766784695815
2019-10-19,0.042690568709396665,-0.008042766784695815
2019-10-20,0.04953989251259643,0.03485350861495345
2019-10-21,0.06285773229415245,-0.005362336033737952
2019-10-22,0.050965318740388586,0.12332514968173533
2019-10-23,0.0875838599515555,0.28150193130156376
2019-10-24,0.15101234658345233,0.14209165019547637
2019-10-25,0.11569202744912548,0.14209165019547637
2019-10-26,0.0951334212435916,0.14209165019547637
2019-10-27,0.10009627561990204,0.0911535463495622
2019-10-28,0.08716513062646433,0.1206444508340837
2019-10-29,0.08700747395316052,0.22252039042921642
2019-10-30,0.12672162237604068,0.25201129491373603
2019-10-31,0.14340232040057738,-0.14477181284974028
2019-11-01,0.019422423578316812,-0.14477181284974028
2019-11-02,-0.022455141734535403,-0.14477181284974028
2019-11-03,-0.008314088275768544,-0.03485190003478687
2019-11-04,0.0340315050869926,-0.05898087063061
2019-11-05,0.035447417359184094,0.11528224884869348
2019-11-06,0.08618088724606339,-0.005361263646959116
2019-11-07,0.0617978113119123,0.2734584942751306
2019-11-08,0.13198287188399924,0.2734584942751306
2019-11-09,0.16411041798661585,0.2734584942751306
2019-11-10,0.15129643051260722,0.20375362181878162
2019-11-11,0.12801235345538517,0.1018776822236489
2019-11-12,0.08790413551941004,0.1394101470577397
2019-11-13,0.09041916131278599,0.05361920483860941
2019-11-14,0.07381219643851122,0.23860565590191452
2019-11-15,0.12423255467056274,0.23860565590191452
2019-11-16,0.14391117846592694,0.23860565590191452
2019-11-17,0.1379797959507374,0.06166183757495941
2019-11-18,0.07985879540389176,-0.01876690265878253
2019-11-19,0.03893612450353172,0.04557657210226131
2019-11-20,0.057693290175173904,0.3002689680086904
2019-11-21,0.149230459708335,-0.016085399521043917
2019-11-22,0.0743840404135482,-0.016085399521043917
2019-11-23,0.03254677221157084,-0.016085399521043917
2019-11-24,0.03978816868773257,0.0723867777391293
2019-11-25,0.07242772673697997,0.08310984122643716
2019-11-26,0.08768122162093404,0.15817771995825766
2019-11-27,0.10674728311487947,0.15817771995825766
2019-11-28,0.11140390310390202,0.10992058305669077
2019-11-29,0.09472324876505242,0.10992058305669077
2019-11-30,0.08548143826897081,0.10992058305669077
2019-12-01,0.08813633489984361,-0.0026797605092224036
2019-12-02,0.05601834021417889,0.16890078344556742
2019-12-03,0.09976318540636854,0.20643539305321207
2019-12-04,0.12951844355685915,-0.04557630400556542
2019-12-05,0.05156169114828118,0.0616626418650426
2019-12-06,0.05295687938869237,0.0616626418650426
2019-12-07,0.07831508365029673,0.0616626418650426
2019-12-08,0.07210612148541579,0.11528224884869348
2019-12-09,0.09381114708282039,0.21179652265182347
2019-12-10,0.12406960744168692,0.10455730868452359
2019-12-11,0.09824980105782818,0.040214638213564836
2019-12-12,0.06438950014903687,0.06970554269808445
2019-12-13,0.06967732372284231,0.06970554269808445
2019-12-14,0.07760734972061498,0.06970554269808445
2019-12-15,0.07571469192033096,0.029491306629563216
2019-12-16,0.06436857922649214,0.05362027722538826
2019-12-17,0.06855487742462146,0.1474538521808647
2019-12-18,0.09927776266214676,0.2546927980514746
2019-12-19,0.1447862871222881,0.053619204838611316
2019-12-20,0.0862923739354993,0.053619204838611316
2019-12-21,0.06205361477530991,0.053619204838611316
2019-12-22,0.0649853675786976,-0.061662641865040474
2019-12-23,0.03682630629060904,0.0965146759481755
2019-12-24,0.07236061521526754,0.0965146759481755
2019-12-25,0.0923297023647479,0.07506747658678092
2019-12-26,0.08015763215229721,0.040214638213564836
2019-12-27,0.06278930846221498,0.040214638213564836
2019-12-28,0.06318787740899456,0.040214638213564836
2019-12-29,0.06672510215055635,-0.1447728852365172
2019-12-30,0.00919734942203626,0.09919644718260406
2019-12-31,0.06375421389395361,0.09919644718260406
2020-01-01,0.10036858411791208,0.0991961790859122
2020-01-02,0.09005610933075166,0.1313675143213916
2020-01-03,0.09820893516340953,0.1313675143213916
2020-01-04,0.09988690739711725,0.1313675143213916
2020-01-05,0.09993680109113456,0.03217200547721674
2020-01-06,0.06535740448465312,0.056300976073039875
2020-01-07,0.06496223768154688,0.09651574833495244
2020-01-08,0.0863209260691838,0.08847311559860434
2020-01-09,0.0838204126833302,0.06970527460139068
2020-01-11,0.07684411280020374,0.06970527460139068
2020-01-12,0.07606192421068772,0.12600531233600135
2020-01-13,0.09319820220563368,0.18498712130504058
2020-01-14,0.11930779248683428,0.14477208094643615
2020-01-15,0.10796757281266639,0.056299635589569186
2020-01-16,0.07360315879254686,0.045577644489038255
2020-01-17,0.06365795286900762,0.045577644489038255
2020-01-18,0.06509821687345056,0.045577644489038255
2020-01-19,0.0658013113854013,0.045577644489038255
2020-01-20,0.06751212746429089,0.16085815070921744
2020-01-21,0.10539068826181662,-0.07238543725565458
2020-01-22,0.04106045306065467,0.040214638213564836
2020-01-23,0.05014446719813175,-0.2573726926090448
2020-01-24,-0.02459669001740933,-0.2573726926090448
2020-01-25,-0.058903183960180766,-0.2573726926090448
2020-01-26,-0.04758449509409374,0.07238704583582306
2020-01-27,0.06649720684030308,0.10187660983687007
2020-01-28,0.10340196832760681,-0.0402141020201771
2020-01-29,0.04689325460183748,6.702417373605218e-07
2020-01-30,0.04568671853940568,-0.053618668645219775
2020-01-31,0.032877654816580955,-0.053618668645219775
2020-02-01,0.026706616720751225,-0.053618668645219775
2020-02-02,0.03223613890519292,0.04557657210226131
2020-02-03,0.06041593457524182,0.07506747658678092
2020-02-04,0.08152739834896258,0.1474538521808647
2020-02-05,0.10167388378273166,0.16622035269460578
2020-02-06,0.1125928779373846,-0.056299099396179525
2020-02-07,0.040765930453364574,-0.056299099396179525
2020-02-08,0.015014581863148614,-0.056299099396179525
2020-02-09,0.02767577837708826,0.18766755205600033
2020-02-10,0.10248069217462566,0.03217200547721484
2020-02-11,0.08227880589416171,0.02949157472625697
2020-02-12,0.05271127554740654,0.21447802578956207
2020-02-13,0.11646294387662956,-0.01608566761773958
2020-02-14,0.06247161165230601,-0.01608566761773958
2020-02-15,0.03258028824301901,-0.01608566761773958
2020-02-16,0.038237332818526745,-0.01608566761773958
2020-02-17,0.043621028538741224,0.11528251694538533
2020-02-18,0.08340022219248765,0.0616626418650426
2020-02-19,0.08127969630969042,0.09115274205947903
2020-02-20,0.08034543675813356,0.15281471368278426
2020-02-21,0.10264161805059373,0.15281471368278426
2020-02-22,0.10571782386051042,0.15281471368278426
2020-02-23,0.10523051897738675,-0.10187634174017418
2020-02-24,0.024229650137345807,-0.19034771471026424
2020-02-25,-0.03110471333576867,0.08847231130851925
2020-02-26,0.06114907410781971,-0.27881989197043744
2020-02-27,-0.020550089352426415,0.10455811297460678
2020-02-28,0.052341490023767964,0.10455811297460678
2020-02-29,0.1015339355609798,0.10455811297460678
2020-03-01,0.09087530572563166,0.4557642464907822
2020-03-02,0.19700066276614692,-0.182305350070608
2020-03-03,0.029321644368759066,0.4289548451439993
2020-03-04,0.14323065330617338,0.28954456403791184
2020-03-05,0.18500131379821566,0.14745358408417286
2020-03-06,0.10750232621962333,0.14745358408417286
2020-03-07,0.08903776738953606,0.14745358408417286
2020-03-08,0.09955512377698762,-0.008042766784695815
2020-03-09,0.05198590366301089,0.35657007813007996
2020-03-10,0.1520990792725322,-0.19839007934991854
2020-03-11,0.02131002498829441,-0.0697050065046948
2020-03-12,-0.00890738802226522,0.2654158615387806
2020-03-13,0.12928903535031772,0.2654158615387806
2020-03-14,0.16150874472906337,0.2654158615387806
2020-03-15,0.14852457320034562,0.3378022371328663
2020-03-16,0.16864821338027322,0.5254699232372144
2020-03-17,0.22979835419076078,0.37801700939477884
2020-03-18,0.20372402945133128,0.40214571189391013
2020-03-19,0.18438464408715433,-0.40214544379721423
2020-03-20,-0.05806117410256101,-0.40214544379721423
2020-03-21,-0.14043057353183214,-0.40214544379721423
2020-03-22,-0.10272071624939877,-0.08042914237878152
2020-03-23,0.00651359757652295,0.21983995967825856
2020-03-24,0.134163345392696,0.13672944821008615
2020-03-25,0.12364072215685382,0.6005367295822579
2020-03-26,0.24322147219047807,0.5281514263749529
2020-03-27,0.2681337268779753,0.5281514263749529
2020-03-28,0.23885852338782904,0.5281514263749529
2020-03-29,0.23765169492286586,0.5388747579589527
2020-03-30,0.24214848268737516,0.24933086416277625
2020-03-31,0.1496921733553188,0.08311010932312902
2020-04-01,0.07135852011336444,0.16353884955687098
2020-04-02,0.09176387025444893,0.1260055804326951
2020-04-03,0.09841602045450752,0.1260055804326951
2020-04-04,0.09378149894485051,0.1260055804326951
2020-04-05,0.09674561788941916,0.1528157860695612
2020-04-06,0.10632073251850838,-0.02680980349182438
2020-04-07,0.05136103912197145,0.19302948594469682
2020-04-08,0.10019604935350243,0.2761399974128673
2020-04-09,0.15785652066820682,0.2761399974128673
2020-04-10,0.16012421362314602,0.2761399974128673
2020-04-11,0.15080000577309494,0.2761399974128673
2020-04-12,0.14969276900307232,0.5978562988313001
2020-04-13,0.25206198931411383,0.3538883068956476
2020-04-14,0.2065585407104975,0.171582554679996
2020-04-15,0.1131088283419238,0.23056409555234336
2020-04-16,0.1188948565070859,0.029490502339478135
2020-04-17,0.07162868352534371,0.029490502339478135
2020-04-18,0.05418443392758516,0.029490502339478135
2020-04-19,0.059133621008213795,0.24128715903965123
2020-04-20,0.13211619502004937,0.06970554269808445
2020-04-21,0.09907317362906999,9.383384292210861e-07
2020-04-22,0.05079370156228679,0.10187660983687197
2020-04-23,0.08029839920676612,0.20375362181878162
2020-04-24,0.12679640522808977,0.20375362181878162
2020-04-25,0.13341452575060558,0.20375362181878162
2020-04-26,0.12783661741459015,0.040214638213564836
2020-04-27,0.07371437950656289,-0.28686279280347926
2020-04-28,-0.042896074459428224,-0.27345795808174095
2020-04-29,-0.06483509077692884,-0.3780164732013911
2020-04-30,-0.07901362441694193,0.02949157472625697
2020-05-01,0.04088610510882186,0.02949157472625697
2020-05-02,0.08599690855557113,0.02949157472625697
2020-05-03,0.07073563760948824,0.10991924257321817
2020-05-04,0.08775748324173774,0.30026869991199856
2020-05-05,0.1596198913452559,0.06970554269808445
2020-05-06,0.09803176246565545,-0.12600504423930547
2020-05-07,0.005747028168125612,0.12600665281947204
2020-05-08,0.07399391941826097,0.12600665281947204
2020-05-09,0.10874089198433812,0.12600665281947204
2020-05-10,0.09911157402336473,0.3217169716601701
2020-05-11,0.16061691613536624,-0.01072319753565558
2020-05-12,0.07457966405913621,0.2064351249565183
2020-05-13,0.10136484804823107,-0.05630043987965022
2020-05-14,0.05582316186167724,0.29758719677426
2020-05-15,0.12944602215541146,0.29758719677426
2020-05-16,0.17634762110971602,0.29758719677426
2020-05-17,0.1622220099252157,0.0241296408375605
2020-05-18,0.07459076164162169,0.12332514968173533
2020-05-19,0.0782047510141991,-0.0723865096424334
2020-05-20,0.03772603484489917,-0.37265453931269465
2020-05-21,-0.0755763877994941,0.21179732694190856
2020-05-22,0.08592708569762979,0.21179732694190856
2020-05-23,0.15672617910004677,0.21179732694190856
2020-05-24,0.13659156257921085,0.21179732694190856
2020-05-25,0.13035626530876582,-0.30294859446956873
2020-05-26,-0.03210198669717307,0.2144777576928683
2020-05-27,0.07817271003107623,0.04289614135130155
2020-05-28,0.10213717395049751,-0.1072385437255644
2020-05-29,0.016089197094379046,-0.1072385437255644
2020-05-30,0.0045003779203682814,-0.1072385437255644
2020-05-31,0.0166145823787726,0.3002686999119967
2020-06-01,0.14360689559527973,0.13672944821008806
2020-06-02,0.13169772409766117,0.19571125717912727
2020-06-03,0.1179401538629006,-0.11796241150295736
2020-06-04,0.026976278425798986,-0.05630043987965214
2020-06-05,0.01347453212354248,-0.05630043987965214
2020-06-06,0.03413988443847532,-0.05630043987965214
2020-06-07,0.0334562934015779,0.013405504963475694
2020-06-08,0.05165308019563553,0.056300976073039875
2020-06-09,0.07851398547675333,0.016085667617741703
2020-06-10,0.06399816684091875,-0.5147452511697399
2020-06-11,-0.10969679422822376,-0.11528090836521876
2020-06-12,-0.03547833341385101,-0.11528090836521876
2020-06-13,0.028256428401422007,-0.11528090836521876
2020-06-14,0.01478962686075709,0.12868681547373806
2020-06-15,0.08962238034205176,-0.08579000388069916
2020-06-16,0.04562858332196834,0.0160870081012124
2020-06-17,0.043216727072045116,0.08042967857216925
2020-06-18,0.08296382931406074,0.2144777576928683
2020-06-19,0.1262749273182376,0.2144777576928683
2020-06-20,0.13555153159804792,0.2144777576928683
2020-06-21,0.12979376995487152,0.0884720432118255
2020-06-22,0.08851917546387718,0.36461244276973426
2020-06-23,0.1608250679983308,-0.13672810772661334
2020-06-24,0.0404273469788278,0.21447668530609137
2020-06-25,0.08857709757119832,-0.026809535395130618
2020-06-26,0.06569908308616898,-0.026809535395130618
2020-06-27,0.02993861327040299,-0.026809535395130618
2020-06-28,0.03982025130487493,-0.0482567347565252
2020-06-29,0.036050632063910557,0.2386064601919996
2020-06-30,0.12248743765904846,0.20643432066643513
2020-07-01,0.14164391225948836,0.12064337844730488
2020-07-02,0.09948350296362787,0.12064337844730488
2020-07-03,0.09179683839967513,0.12064337844730488
2020-07-04,0.091948829064259,0.12064337844730488
2020-07-05,0.09411192659337707,0.14209165019547637
2020-07-06,0.10145738504370544,0.06702484385043282
2020-07-07,0.07938347479640653,0.20375388991547538
2020-07-08,0.11569879286612932,-0.06702350336695809
2020-07-09,0.044981884029682506,-0.07238650964243151
2020-07-10,0.012035735386488042,-0.07238650964243151
2020-07-11,0.02130695940982548,-0.07238650964243151
2020-07-12,0.02644287547740104,-0.10991870637983042
2020-07-13,0.015186332478112158,0.20375388991547538
2020-07-14,0.10794514312368492,0.5254699232372144
2020-07-15,0.24245794989326175,0.20107319106782184
2020-07-16,0.15947916505967713,1.0000000000000002
2020-07-17,0.35957556215229536,1.0000000000000002
2020-07-18,0.448851773431598,1.0000000000000002
2020-07-19,0.41783740455011187,-1.0
2020-07-20,-0.21819263566106295,-0.34852583681356336
2020-07-21,-0.21408697400196447,-0.032171469283827095
2020-07-22,0.04072906073031207,-0.34852583681356336
2020-07-23,-0.03430956779058672,0.20643432066643513
2020-07-24,0.09014931287411872,0.20643432066643513
2020-07-25,0.1571179771467398,0.20643432066643513
2020-07-26,0.1321060725693912,0.18766862444277918
2020-07-27,0.12157687862309002,-0.07506694039339129
2020-07-28,0.036766623308196925,-0.03485216813147872
2020-07-29,0.020527624178285846,0.28150193130156376
2020-07-30,0.1382316214069063,-0.4718500481568695
2020-07-31,-0.06516695636224482,-0.4718500481568695
2020-08-01,-0.15364826850323743,-0.4718500481568695
2020-08-02,-0.12544809257797573,0.11260101380765053
2020-08-03,0.067414478290481,0.07506747658678092
2020-08-04,0.11427996372283354,-0.053618668645219775
2020-08-05,0.04353674593771503,0.1072388118222603
2020-08-06,0.07636765188633308,-0.02412803225739392
2020-08-07,0.0544171801063288,-0.02412803225739392
2020-08-08,0.036730120393595474,-0.02412803225739392
2020-08-09,0.04199051990015445,-0.010723465632349341
2020-08-10,0.04509840456592043,-0.06970500650469671
2020-08-11,0.031117748013658617,0.1930308264281675
2020-08-12,0.10386224622677678,-0.07238543725565458
2020-08-13,0.05142788392090457,-1.3404834771357788e-07
2020-08-14,0.03454174788594648,-1.3404834771357788e-07
2020-08-15,0.053073855867034954,-1.3404834771357788e-07
2020-08-16,0.047612027924827924,0.2144777576928683
2020-08-17,0.1203826759443481,-0.05898087063061
2020-08-18,0.05251813763689973,-0.16890024725217778
2020-08-19,-0.017247790770775956,0.13136858670816853
2020-08-20,0.07368176588215095,0.13404794507235135
2020-08-21,0.11453524882743407,0.13404794507235135
2020-08-22,0.09926797456345003,0.13404794507235135
2020-08-23,0.09811688261700512,-0.1233246134883457
2020-08-24,0.017663149260396555,0.03217200547721674
2020-08-25,0.04062145356874433,0.09383424519721573
2020-08-26,0.08499065248659717,-0.16353831336348132
2020-08-27,0.009772002060125767,-0.05898087063061
2020-08-28,0.010800428685014851,-0.05898087063061
2020-08-29,0.03014878196193964,-0.05898087063061
2020-08-30,0.029461201440729834,0.12868708357043182
2020-08-31,0.08846922621974464,-0.05093716550748306
2020-09-01,0.05001698849602171,0.1903493232904308
2020-09-02,0.09846759676021077,-0.24396705359722137
2020-09-03,-0.006732935523315192,0.01876743885217217
2020-09-04,0.02303498803440647,0.01876743885217217
2020-09-05,0.06487863408977672,0.01876743885217217
2020-09-06,0.056245913635133295,0.01876743885217217
2020-09-07,0.05846587365137069,0.22788259241460665
2020-09-08,0.12044335597793984,0.024128300354089804
2020-09-09,0.07772261026441941,-0.21715792034713027
2020-09-10,-0.026907907200961256,0.005361799840348749
2020-09-11,0.026150626517539986,0.005361799840348749
2020-09-12,0.05707159852723702,0.005361799840348749
2020-09-13,0.050671418034921575,0.018767170755478416
2020-09-14,0.05848716677713167,0.008043302978085462
2020-09-15,0.051465670802808686,-0.0831095731297413
2020-09-16,0.02172179265907207,0.12868601118365489
2020-09-17,0.07974611015513691,-0.00804169439791888
2020-09-18,0.061325481471161514,-0.00804169439791888
2020-09-19,0.037492176348711055,-0.00804169439791888
2020-09-20,0.04474569681960175,0.29490676602330024
2020-09-21,0.13690814875778692,0.11528144455861031
2020-09-22,0.11403773276711945,-0.07506694039339318
2020-09-23,0.023209331707471553,-0.1313672462246957
2020-09-24,-0.007585810903949677,0.42627334200626255
2020-09-25,0.1688498098771991,0.42627334200626255
2020-09-26,0.23215864849007234,0.42627334200626255
2020-09-27,0.20310107477814876,-0.010723465632349341
2020-09-28,0.06431878674742825,0.1823066905540808
2020-09-29,0.0792208527862243,0.016085935714433557
2020-09-30,0.06769756245052316,-0.16622008459791177
2020-10-01,-0.01245923793172507,0.021448941989908876
2020-10-02,0.034507298503147085,0.021448941989908876
2020-10-03,0.0628738493042883,0.021448941989908876
2020-10-04,0.05706637159885431,0.08311118170990596
2020-10-05,0.07451530144229135,-0.04289587325460566
2020-10-06,0.041892850344055946,-1.3404834771357788e-07
2020-10-07,0.040513416327953064,0.18498712130504247
2020-10-08,0.1047937505159584,0.16353992194364791
2020-10-09,0.11957766404782641,0.16353992194364791
2020-10-10,0.10710254922138632,0.16353992194364791
2020-10-11,0.10575140295598674,0.09651548023825868
2020-10-12,0.08426926349710884,-0.0026805647993074916
2020-10-13,0.049132202546397725,-0.14209111400208674
2020-10-14,-0.003284665317040719,0.10187660983687007
2020-10-15,0.06441905111349913,0.08311010932312902
2020-10-16,0.0905599677081717,0.08311010932312902
2020-10-17,0.07937726685315975,0.08311010932312902
2020-10-18,0.07699934409657093,-0.13672918011339028
2020-10-19,0.009644373916496238,-0.05630017178295646
2020-10-20,0.013268973262566403,-0.07774737114435104
2020-10-21,0.02558355575458264,0.06166290996173635
2020-10-22,0.06277545189960426,0.02949157472625697
2020-10-23,0.0662979000088876,0.02949157472625697
2020-10-24,0.056343354436366164,0.02949157472625697
2020-10-25,0.057833304113457495,0.12868708357043182
2020-10-26,0.08940350165477749,-0.1474530478907832
2020-10-27,0.012598407470307521,-0.16890024725217778
2020-10-28,-0.027492607411660375,0.08311010932313093
2020-10-29,0.062495033264529584,-0.12868547499026523
2020-10-30,0.02348246109495848,-0.12868547499026523
2020-10-31,-0.00801256330684924,-0.12868547499026523
2020-11-01,-0.002018166973152269,0.11528144455860839
2020-11-02,0.07932163740506432,0.13941121944451662
2020-11-03,0.10967212225576534,0.3672928735206921
2020-11-04,0.1692115465817383,-0.16621981650121803
2020-11-05,0.02508229623470242,0.029491306629563216
2020-11-06,0.021443058472863083,0.029491306629563216
2020-11-07,0.06039573485037388,0.029491306629563216
2020-11-08,0.055347241469253156,-0.11796241150295736
2020-11-09,0.012792154745908502,0.056300976073039875
2020-11-10,0.05185239196844274,0.2037536218187835
2020-11-11,0.12000397468785334,0.08311010932313093
2020-11-12,0.09325873835456927,0.21179732694190856
2020-11-13,0.11193662220625876,0.21179732694190856
2020-11-14,0.1249047320794666,0.21179732694190856
2020-11-15,0.12398570734900712,0.021447869603130033
2020-11-16,0.06370340918915392,0.03485243622817651
2020-11-17,0.04599274486224559,-0.28418209395582766
2020-11-18,-0.04234620363416697,0.016085935714433557
2020-11-19,0.02339050692235045,0.18766755205600033
2020-11-20,0.11958866179785557,0.18766755205600033
2020-11-21,0.1245666334183695,0.18766755205600033
2020-11-22,0.11695351141259139,0.12332514968173533
2020-11-23,0.09396567340908826,-0.040214102020175196
2020-11-24,0.034534046910261254,0.14477208094643423
2020-11-25,0.08023640473573161,0.14477208094643423
2020-11-26,0.10645810152604962,0.35120680375791086
2020-11-27,0.1648532790562097,0.35120680375791086
2020-11-28,0.18567317028702132,0.35120680375791086
2020-11-29,0.1711877787155039,-0.021447333409740393
2020-11-30,0.05958168566494708,0.05361947293530317
2020-12-01,0.03801619485162678,0.20911582380417185
2020-12-02,0.11744119345951454,0.050938774087649644
2020-12-03,0.0783766138328499,0.12600665281947204
2020-12-04,0.08316746198064064,0.12600665281947204
2020-12-05,0.09449199147807646,0.12600665281947204
2020-12-06,0.09164141958041606,0.04289506896452461
2020-12-07,0.06754498919498478,0.35656981003338617
2020-12-08,0.15778449081426127,-0.17158094609983132
2020-12-09,0.027090048431983704,0.08310984122643716
2020-12-10,0.038325751150922426,0.2466490929283477
2020-12-11,0.137520823879897,0.2466490929283477
2020-12-12,0.1455371159853644,0.2466490929283477
2020-12-13,0.1386599375265361,-0.09651413975478584
2020-12-14,0.02817743520143045,0.13404901745912828
2020-12-15,0.06567456162816676,-0.15817637947478483
2020-12-16,0.013868249192398985,-0.05093716550748498
2020-12-17,0.010804082486313954,-0.11528090836521876
2020-12-18,0.01335702638260268,-0.11528090836521876
2020-12-19,0.0037029858666323134,-0.11528090836521876
2020-12-20,0.0027220350900499096,0.12868681547373806
2020-12-21,0.08604661730335744,-0.06970473840800295
2020-12-22,0.04524709693225834,-0.016085667617737665
2020-12-23,0.03412896304596586,-0.02680980349182438
2020-12-24,0.03853778016393394,-0.02680980349182438
2020-12-25,0.036525695282555316,-0.02680980349182438
2020-12-26,0.03708061800869201,-0.02680980349182438
2020-12-27,0.03824578440759646,-0.15281444558608837
2020-12-28,-0.002682259471644216,-0.12868547499026334
2020-12-29,-0.005294241989090953,6.702417354592649e-07
2020-12-30,0.038133201339252354,0.07238704583582116
2020-12-31,0.07556695475100728,0.07238704583582116
