date,volume
2003-02-19,1593400
2003-02-20,919000
2003-02-21,1477800
2003-02-24,1714200
2003-02-25,2157800
2003-02-26,1944800
2003-02-27,3013800
2003-02-28,1499400
2003-03-03,1855200
2003-03-04,805400
2003-03-05,871000
2003-03-06,839800
2003-03-07,921800
2003-03-10,1753600
2003-03-11,2733400
2003-03-12,3408400
2003-03-13,3154400
2003-03-14,3225800
2003-03-17,2960800
2003-03-18,2243600
2003-03-19,4530000
2003-03-20,2881200
2003-03-21,2402000
2003-03-24,1440200
2003-03-25,977600
2003-03-26,1373400
2003-03-27,1025400
2003-03-28,1096800
2003-03-31,1050200
2003-04-01,1370200
2003-04-02,3194400
2003-04-03,3969600
2003-04-04,2750400
2003-04-07,4140600
2003-04-08,1560600
2003-04-09,3197200
2003-04-10,3239400
2003-04-11,2794400
2003-04-14,1007400
2003-04-15,1476000
2003-04-16,1237600
2003-04-17,1113200
2003-04-21,978200
2003-04-22,2042800
2003-04-23,4893200
2003-04-24,5567800
2003-04-25,3341400
2003-04-28,2666600
2003-04-29,3350400
2003-04-30,6754200
2003-05-01,7541600
2003-05-02,7070000
2003-05-05,13739400
2003-05-06,12340400
2003-05-07,5005800
2003-05-08,3532400
2003-05-09,2487000
2003-05-12,2685600
2003-05-13,2987400
2003-05-14,1633400
2003-05-15,2827800
2003-05-16,3141600
2003-05-19,5304200
2003-05-20,4148600
2003-05-21,3806000
2003-05-22,3440600
2003-05-23,2660200
2003-05-27,1464800
2003-05-28,1243000
2003-05-29,1379000
2003-05-30,1685800
2003-06-02,2676200
2003-06-03,2007200
2003-06-04,2026600
2003-06-05,5426800
2003-06-06,4610400
2003-06-09,1592400
2003-06-10,1555600
2003-06-11,1756400
2003-06-12,1539200
2003-06-13,1187800
2003-06-16,1696200
2003-06-17,4112400
2003-06-18,3287000
2003-06-19,2836000
2003-06-20,3429400
2003-06-23,3224600
2003-06-24,1658200
2003-06-25,1814600
2003-06-26,1737000
2003-06-27,1659400
2003-06-30,2730400
2003-07-01,2951800
2003-07-02,3068600
2003-07-03,2388200
2003-07-07,5705000
2003-07-08,10780400
2003-07-09,17033600
2003-07-10,5455400
2003-07-11,3750200
2003-07-14,3113000
2003-07-15,5465600
2003-07-16,3536600
2003-07-17,3152600
2003-07-18,1799600
2003-07-21,1099000
2003-07-22,1676400
2003-07-23,1959400
2003-07-24,2733800
2003-07-25,1307200
2003-07-28,1960000
2003-07-29,2453200
2003-07-30,1898400
2003-07-31,2036000
2003-08-01,1799000
2003-08-04,1541000
2003-08-05,1466000
2003-08-06,2798000
2003-08-07,2832400
2003-08-08,1547400
2003-08-11,761400
2003-08-12,2519200
2003-08-13,7012600
2003-08-14,3472400
2003-08-15,1365000
2003-08-18,1986200
2003-08-19,2585800
2003-08-20,1742800
2003-08-21,3640800
2003-08-22,3285600
2003-08-25,1480200
2003-08-26,3563400
2003-08-27,4660600
2003-08-28,3777600
2003-08-29,2285400
2003-09-02,6492800
2003-09-03,6050600
2003-09-04,3638000
2003-09-05,5816600
2003-09-08,3834200
2003-09-09,2083400
2003-09-10,1801800
2003-09-11,1813600
2003-09-12,922400
2003-09-15,1564600
2003-09-16,1187000
2003-09-17,1070400
2003-09-18,1635600
2003-09-19,1257400
2003-09-22,1093400
2003-09-23,1765800
2003-09-24,1479000
2003-09-25,2327400
2003-09-26,1521600
2003-09-29,863600
2003-09-30,1698800
2003-10-01,1849000
2003-10-02,5576800
2003-10-03,5880200
2003-10-06,1989200
2003-10-07,2589400
2003-10-08,1351800
2003-10-09,2707000
2003-10-10,2140000
2003-10-13,2757600
2003-10-14,2514000
2003-10-15,2585600
2003-10-16,1775200
2003-10-17,3195000
2003-10-20,1492200
2003-10-21,3420400
2003-10-22,3522000
2003-10-23,9203400
2003-10-24,3189400
2003-10-27,2214800
2003-10-28,1363000
2003-10-29,2449200
2003-10-30,3274000
2003-10-31,3650000
2003-11-03,2168200
2003-11-04,4840800
2003-11-05,4296600
2003-11-06,6499800
2003-11-07,10129000
2003-11-10,5047800
2003-11-11,5546800
2003-11-12,3250000
2003-11-13,5030200
2003-11-14,4607200
2003-11-17,2040400
2003-11-18,1687600
2003-11-19,7044000
2003-11-20,5101000
2003-11-21,3195800
2003-11-24,1922000
2003-11-25,2925600
2003-11-26,1848800
2003-11-28,765600
2003-12-01,2016400
2003-12-02,3082000
2003-12-03,3148600
2003-12-04,1630000
2003-12-05,1752200
2003-12-08,2179800
2003-12-09,1888800
2003-12-10,1835400
2003-12-11,1281000
2003-12-12,1918400
2003-12-15,1589000
2003-12-16,3403800
2003-12-17,4056000
2003-12-18,3361600
2003-12-19,2042400
2003-12-22,1690200
2003-12-23,944200
2003-12-24,316800
2003-12-26,178200
2003-12-29,2792200
2003-12-30,1204800
2003-12-31,909000
2004-01-02,1214000
2004-01-05,2398400
2004-01-06,1565400
2004-01-07,2452000
2004-01-08,2527400
2004-01-09,1828400
2004-01-12,1797000
2004-01-13,1625400
2004-01-14,2087600
2004-01-15,2226400
2004-01-16,1809400
2004-01-20,1419000
2004-01-21,2562600
2004-01-22,4410600
2004-01-23,3980200
2004-01-26,1913400
2004-01-27,1592000
2004-01-28,4890400
2004-01-29,4347600
2004-01-30,2660200
2004-02-02,2131800
2004-02-03,1177800
2004-02-04,2568000
2004-02-05,1156000
2004-02-06,1320000
2004-02-09,1585600
2004-02-10,1499600
2004-02-11,2310000
2004-02-12,3650200
2004-02-13,1169200
2004-02-17,989200
2004-02-18,1091200
2004-02-19,1590200
2004-02-20,902800
2004-02-23,1208400
2004-02-24,734400
2004-02-25,2144600
2004-02-26,1150200
2004-02-27,2000200
2004-03-01,1980400
2004-03-02,1864400
2004-03-03,2431200
2004-03-04,4433800
2004-03-05,2840600
2004-03-08,2576600
2004-03-09,6384000
2004-03-10,4245200
2004-03-11,3232600
2004-03-12,2168400
2004-03-15,2113600
2004-03-16,2343200
2004-03-17,1957000
2004-03-18,2281600
2004-03-19,1996600
2004-03-22,1844800
2004-03-23,1460400
2004-03-24,2026200
2004-03-25,2243800
2004-03-26,1670200
2004-03-29,1820400
2004-03-30,1766400
2004-03-31,2044800
2004-04-01,3019400
2004-04-02,2117000
2004-04-05,2010000
2004-04-06,1143800
2004-04-07,1704800
2004-04-08,1221400
2004-04-12,676400
2004-04-13,797000
2004-04-14,1439200
2004-04-15,2948800
2004-04-16,3101000
2004-04-19,1211200
2004-04-20,2239600
2004-04-21,1752600
2004-04-22,3147800
2004-04-23,999600
2004-04-26,2652400
2004-04-27,1265600
2004-04-28,2652000
2004-04-29,6742600
2004-04-30,2868400
2004-05-03,2422600
2004-05-04,1768800
2004-05-05,2530000
2004-05-06,2232000
2004-05-07,1576600
2004-05-10,1566200
2004-05-11,1156000
2004-05-12,1762400
2004-05-13,2026800
2004-05-14,1828000
2004-05-17,1952000
2004-05-18,2392200
2004-05-19,1962000
2004-05-20,1902000
2004-05-21,1781400
2004-05-24,2538600
2004-05-25,2313400
2004-05-26,1547600
2004-05-27,1404200
2004-05-28,1171200
2004-06-01,1240000
2004-06-02,1466000
2004-06-03,953600
2004-06-04,1989800
2004-06-07,2258200
2004-06-08,2169600
2004-06-09,1512400
2004-06-10,931400
2004-06-14,2464200
2004-06-15,1637400
2004-06-16,1060400
2004-06-17,1135600
2004-06-18,1615200
2004-06-21,841400
2004-06-22,1068600
2004-06-23,1357000
2004-06-24,2721600
2004-06-25,3651200
2004-06-28,2664800
2004-06-29,3902800
2004-06-30,2539200
2004-07-01,3106800
2004-07-02,2503600
2004-07-06,1248000
2004-07-07,2520000
2004-07-08,1624600
2004-07-09,2099800
2004-07-12,2854200
2004-07-13,1593800
2004-07-14,5943200
2004-07-15,2765200
2004-07-16,2982400
2004-07-19,4428600
2004-07-20,4471800
2004-07-21,2865200
2004-07-22,4567200
2004-07-23,3309600
2004-07-26,3249400
2004-07-27,2666200
2004-07-28,2165200
2004-07-29,2227400
2004-07-30,2103400
2004-08-02,1630800
2004-08-03,1480600
2004-08-04,1994800
2004-08-05,1737400
2004-08-06,1275800
2004-08-09,1900600
2004-08-10,1654000
2004-08-11,2484600
2004-08-12,3534400
2004-08-13,2158400
2004-08-16,2012000
2004-08-17,4883000
2004-08-18,2281600
2004-08-19,1934800
2004-08-20,1603400
2004-08-23,2383200
2004-08-24,1760800
2004-08-25,1829800
2004-08-26,1501800
2004-08-27,1949800
2004-08-30,1379400
2004-08-31,2798200
2004-09-01,2619400
2004-09-02,2787800
2004-09-03,2325600
2004-09-07,2876600
2004-09-08,2119400
2004-09-09,25345400
2004-09-10,13925800
2004-09-13,22496800
2004-09-14,4972600
2004-09-15,3108200
2004-09-16,1277000
2004-09-17,1311400
2004-09-20,1574200
2004-09-21,2721600
2004-09-22,2955600
2004-09-23,2084200
2004-09-24,714800
2004-09-27,967400
2004-09-28,2900800
2004-09-29,2921600
2004-09-30,2424000
2004-10-01,3266400
2004-10-04,3327000
2004-10-05,2288400
2004-10-06,6014600
2004-10-07,7749000
2004-10-08,4229600
2004-10-11,1409600
2004-10-12,2845000
2004-10-13,2648600
2004-10-14,3193600
2004-10-15,2702800
2004-10-18,3115400
2004-10-19,3075200
2004-10-20,3240600
2004-10-21,4104800
2004-10-22,1774600
2004-10-25,1942600
2004-10-26,1432800
2004-10-27,2386000
2004-10-28,1643200
2004-10-29,2546000
2004-11-01,2023600
2004-11-02,2609800
2004-11-03,3145200
2004-11-04,1878400
2004-11-05,2485600
2004-11-08,2168200
2004-11-09,1557800
2004-11-10,1497400
2004-11-11,938200
2004-11-12,1035400
2004-11-15,1212400
2004-11-16,668200
2004-11-17,1454200
2004-11-18,22969200
2004-11-19,17275400
2004-11-22,5596600
2004-11-23,3015600
2004-11-24,5297200
2004-11-26,1030800
2004-11-29,3110400
2004-11-30,2077600
2004-12-01,2545200
2004-12-02,1555200
2004-12-03,3374400
2004-12-06,2248000
2004-12-07,1971600
2004-12-08,3901400
2004-12-09,2029800
2004-12-10,6704200
2004-12-13,2304400
2004-12-14,2037000
2004-12-15,3258800
2004-12-16,2655800
2004-12-17,12208600
2004-12-20,3164200
2004-12-21,5325000
2004-12-22,5738600
2004-12-23,3588400
2004-12-27,3065400
2004-12-28,1170400
2004-12-29,2441200
2004-12-30,1734200
2004-12-31,845600
2005-01-03,2433600
2005-01-04,3693400
2005-01-05,1412400
2005-01-06,1651600
2005-01-07,1963200
2005-01-10,2975000
2005-01-11,1789200
2005-01-12,2250400
2005-01-13,2094000
2005-01-14,1732800
2005-01-18,1515400
2005-01-19,1251600
2005-01-20,1655600
2005-01-21,1661800
2005-01-24,1929800
2005-01-25,2228000
2005-01-26,2491000
2005-01-27,7450800
2005-01-28,4861000
2005-01-31,1426600
2005-02-01,2409200
2005-02-02,2455800
2005-02-03,1445400
2005-02-04,1173200
2005-02-07,1092800
2005-02-08,1315200
2005-02-09,3183200
2005-02-10,1406800
2005-02-11,1133600
2005-02-14,755600
2005-02-15,2549600
2005-02-16,1678000
2005-02-17,1843400
2005-02-18,2954400
2005-02-22,3478800
2005-02-23,2082800
2005-02-24,1519000
2005-02-25,1383400
2005-02-28,2844400
2005-03-01,1136600
2005-03-02,5400800
2005-03-03,5447200
2005-03-04,2256000
2005-03-07,1385800
2005-03-08,786800
2005-03-09,1368600
2005-03-10,1205200
2005-03-11,2373000
2005-03-14,1328600
2005-03-15,1859200
2005-03-16,1232200
2005-03-17,977600
2005-03-18,1725800
2005-03-21,1316200
2005-03-22,1871200
2005-03-23,4308000
2005-03-24,3295800
2005-03-28,1461200
2005-03-29,2535200
2005-03-30,3079200
2005-03-31,1438000
2005-04-01,1949200
2005-04-04,1621800
2005-04-05,2685400
2005-04-06,1425400
2005-04-07,1064400
2005-04-08,924000
2005-04-11,1613200
2005-04-12,1168000
2005-04-13,2916200
2005-04-14,2456400
2005-04-15,4913800
2005-04-18,3495800
2005-04-19,1807600
2005-04-20,1325400
2005-04-21,2003400
2005-04-22,1134600
2005-04-25,860200
2005-04-26,1556000
2005-04-27,1406800
2005-04-28,2568400
2005-04-29,2677200
2005-05-02,2694800
2005-05-03,1946000
2005-05-04,1791400
2005-05-05,2094600
2005-05-06,1720400
2005-05-09,2421000
2005-05-10,3019000
2005-05-11,2305200
2005-05-12,1283000
2005-05-13,1916800
2005-05-16,1766800
2005-05-17,1938400
2005-05-18,1979200
2005-05-19,1974200
2005-05-20,1331600
2005-05-23,959600
2005-05-24,1838800
2005-05-25,791200
2005-05-26,986000
2005-05-27,487200
2005-05-31,1466800
2005-06-01,869400
2005-06-02,1026400
2005-06-03,773800
2005-06-06,1157600
2005-06-07,504800
2005-06-08,1034800
2005-06-09,2041200
2005-06-10,888000
2005-06-13,1792800
2005-06-14,1230400
2005-06-15,992600
2005-06-16,2304400
2005-06-17,1910600
2005-06-20,1749400
2005-06-21,1415600
2005-06-22,2004600
2005-06-23,1348200
2005-06-24,775600
2005-06-27,1198600
2005-06-28,1251200
2005-06-29,1375200
2005-06-30,939800
2005-07-01,826600
2005-07-05,908200
2005-07-06,1047200
2005-07-07,2939800
2005-07-08,1023000
2005-07-11,1389800
2005-07-12,686600
2005-07-13,622400
2005-07-14,1884800
2005-07-15,862600
2005-07-18,751000
2005-07-19,2497200
2005-07-20,1353400
2005-07-21,3065000
2005-07-22,1468800
2005-07-25,1973200
2005-07-26,2618000
2005-07-27,5575800
2005-07-28,5582600
2005-07-29,5553400
2005-08-01,2348000
2005-08-02,1202000
2005-08-03,1850400
2005-08-04,2231200
2005-08-05,1565400
2005-08-08,2057600
2005-08-09,1876200
2005-08-10,1050200
2005-08-11,956400
2005-08-12,984800
2005-08-15,1169800
2005-08-16,2086600
2005-08-17,1494800
2005-08-18,1766800
2005-08-19,2402400
2005-08-22,1736800
2005-08-23,1358800
2005-08-24,1732400
2005-08-25,2332800
2005-08-26,2470200
2005-08-29,1295800
2005-08-30,1272400
2005-08-31,1071000
2005-09-01,2436000
2005-09-02,3175600
2005-09-06,2105200
2005-09-07,1535400
2005-09-08,1558400
2005-09-09,1217600
2005-09-12,1006000
2005-09-13,1081000
2005-09-14,1120200
2005-09-15,1398800
2005-09-16,1123200
2005-09-19,1063200
2005-09-20,2192000
2005-09-21,1448200
2005-09-22,1356000
2005-09-23,608200
2005-09-26,1039400
2005-09-27,1294600
2005-09-28,2059400
2005-09-29,2120200
2005-09-30,3056800
2005-10-03,1047200
2005-10-04,1359200
2005-10-05,2424600
2005-10-06,3182600
2005-10-07,1917000
2005-10-10,725200
2005-10-11,1351800
2005-10-12,2894800
2005-10-13,1388200
2005-10-14,2490600
2005-10-17,1804600
2005-10-18,3738600
2005-10-19,1646800
2005-10-20,2322800
2005-10-21,1604800
2005-10-24,1607400
2005-10-25,1457000
2005-10-26,1153200
2005-10-27,3731200
2005-10-28,1887200
2005-10-31,1954200
2005-11-01,2065800
2005-11-02,1493600
2005-11-03,1892400
2005-11-04,1449600
2005-11-07,2255800
2005-11-08,931400
2005-11-09,2853000
2005-11-10,4360000
2005-11-11,3700000
2005-11-14,1772600
2005-11-15,1317000
2005-11-16,2264200
2005-11-17,2470200
2005-11-18,5482000
2005-11-21,3500400
2005-11-22,1958200
2005-11-23,3048400
2005-11-25,947200
2005-11-28,1899200
2005-11-29,1575200
2005-11-30,1307200
2005-12-01,1386800
2005-12-02,1417200
2005-12-05,1425400
2005-12-06,1634400
2005-12-07,594400
2005-12-08,1784800
2005-12-09,2032200
2005-12-12,1738600
2005-12-13,2494800
2005-12-14,1364800
2005-12-15,1472600
2005-12-16,3148000
2005-12-19,4853000
2005-12-20,1527000
2005-12-21,1750000
2005-12-22,876000
2005-12-23,878200
2005-12-27,1116200
2005-12-28,1036000
2005-12-29,1602400
2005-12-30,827200
2006-01-03,2869000
2006-01-04,4161800
2006-01-05,1111000
2006-01-06,2068400
2006-01-09,3221800
2006-01-10,1596600
2006-01-11,1316200
2006-01-12,1663400
2006-01-13,1256200
2006-01-17,1143000
2006-01-18,7156800
2006-01-19,3580600
2006-01-20,2161000
2006-01-23,1538400
2006-01-24,3675400
2006-01-25,1880400
2006-01-26,846200
2006-01-27,1163400
2006-01-30,933400
2006-01-31,1218000
2006-02-01,1313400
2006-02-02,8313400
2006-02-03,1373200
2006-02-06,1376800
2006-02-07,1297200
2006-02-08,2969000
2006-02-09,1336400
2006-02-10,790600
2006-02-13,1341800
2006-02-14,3669400
2006-02-15,1136600
2006-02-16,2222000
2006-02-17,1450600
2006-02-21,1954400
2006-02-22,1320600
2006-02-23,1198200
2006-02-24,989000
2006-02-27,1063800
2006-02-28,938200
2006-03-01,853200
2006-03-02,1007600
2006-03-03,1629200
2006-03-06,1009200
2006-03-07,1076800
2006-03-08,2254800
2006-03-09,3096400
2006-03-10,1808600
2006-03-13,7466000
2006-03-14,3427200
2006-03-15,3646000
2006-03-16,1986000
2006-03-17,1721400
2006-03-20,1865800
2006-03-21,1297000
2006-03-22,2001600
2006-03-23,1847800
2006-03-24,2692000
2006-03-27,13190000
2006-03-28,3189200
2006-03-29,1363600
2006-03-30,2629000
2006-03-31,1589600
2006-04-03,1633800
2006-04-04,1219000
2006-04-05,2220200
2006-04-06,1370200
2006-04-07,1964800
2006-04-10,957200
2006-04-11,1069200
2006-04-12,740400
2006-04-13,832000
2006-04-17,1157400
2006-04-18,2440400
2006-04-19,2655200
2006-04-20,2412400
2006-04-21,2672400
2006-04-24,1321600
2006-04-25,2562800
2006-04-26,2442400
2006-04-27,6647800
2006-04-28,3035600
2006-05-01,3971800
2006-05-02,3246400
2006-05-03,1184000
2006-05-04,3458800
2006-05-05,3576000
2006-05-08,1526200
2006-05-09,1058800
2006-05-10,1024600
2006-05-11,3909800
2006-05-12,2721600
2006-05-15,2031800
2006-05-16,2294600
2006-05-17,2534400
2006-05-18,1764400
2006-05-19,4716400
2006-05-22,2925400
2006-05-23,1932800
2006-05-24,2162400
2006-05-25,1983600
2006-05-26,1661600
2006-05-30,1413200
2006-05-31,1471200
2006-06-01,1302800
2006-06-02,1540600
2006-06-05,1606200
2006-06-06,1418200
2006-06-07,1694800
2006-06-08,5645600
2006-06-09,2334400
2006-06-12,1762800
2006-06-13,2448200
2006-06-14,3565800
2006-06-15,3240600
2006-06-16,1648200
2006-06-19,4390000
2006-06-20,4672000
2006-06-21,2290000
2006-06-22,2228600
2006-06-23,1979400
2006-06-26,1215600
2006-06-27,2023000
2006-06-28,1908600
2006-06-29,4020200
2006-06-30,3201800
2006-07-03,1475200
2006-07-05,2980200
2006-07-06,2436000
2006-07-07,2622000
2006-07-10,2316200
2006-07-11,1558800
2006-07-12,2505600
2006-07-13,1953600
2006-07-14,1542800
2006-07-17,1759800
2006-07-18,1078800
2006-07-19,2223000
2006-07-20,1015400
2006-07-21,1688600
2006-07-24,3524400
2006-07-25,2547000
2006-07-26,2055600
2006-07-27,5095600
2006-07-28,2192800
2006-07-31,1711000
2006-08-01,4653200
2006-08-02,2407200
2006-08-03,1980000
2006-08-04,1675400
2006-08-07,1709000
2006-08-08,3503200
2006-08-09,3383800
2006-08-10,1503400
2006-08-11,1399000
2006-08-14,1893600
2006-08-15,2033400
2006-08-16,1716200
2006-08-17,1429400
2006-08-18,1833200
2006-08-21,1937000
2006-08-22,1564600
2006-08-23,806000
2006-08-24,1522800
2006-08-25,1302200
2006-08-28,1468000
2006-08-29,3014800
2006-08-30,2451200
2006-08-31,3198000
2006-09-01,1269000
2006-09-05,1746000
2006-09-06,1497800
2006-09-07,2590200
2006-09-08,5965800
2006-09-11,3624400
2006-09-12,2811000
2006-09-13,1523800
2006-09-14,1139200
2006-09-15,3200000
2006-09-18,1209800
2006-09-19,1627000
2006-09-20,2000200
2006-09-21,1465000
2006-09-22,1932400
2006-09-25,1247600
2006-09-26,2447200
2006-09-27,1862200
2006-09-28,1217800
2006-09-29,1967800
2006-10-02,1463400
2006-10-03,878600
2006-10-04,998000
2006-10-05,2042000
2006-10-06,2346600
2006-10-09,1732600
2006-10-10,1270600
2006-10-11,1013800
2006-10-12,1262400
2006-10-13,1510400
2006-10-16,938600
2006-10-17,1121400
2006-10-18,1578800
2006-10-19,5093000
2006-10-20,4162200
2006-10-23,4438800
2006-10-24,2599800
2006-10-25,2540800
2006-10-26,10899000
2006-10-27,6864200
2006-10-30,6156000
2006-10-31,4941000
2006-11-01,2772400
2006-11-02,2377000
2006-11-03,1589200
2006-11-06,2119000
2006-11-07,3984600
2006-11-08,6325800
2006-11-09,5859600
2006-11-10,3214200
2006-11-13,2943200
2006-11-14,2368800
2006-11-15,3128200
2006-11-16,1420800
2006-11-17,3328000
2006-11-20,4151400
2006-11-21,2683400
2006-11-22,2100800
2006-11-24,1142800
2006-11-27,3145400
2006-11-28,4959600
2006-11-29,4554800
2006-11-30,2625200
2006-12-01,3341600
2006-12-04,2711400
2006-12-05,3046400
2006-12-06,2497000
2006-12-07,2994600
2006-12-08,1114600
2006-12-11,2065600
2006-12-12,2268200
2006-12-13,3998000
2006-12-14,4117600
2006-12-15,4173200
2006-12-18,3858600
2006-12-19,12468400
2006-12-20,4204000
2006-12-21,1486800
2006-12-22,1851000
2006-12-26,802400
2006-12-27,2297400
2006-12-28,1554000
2006-12-29,874400
2007-01-03,7827600
2007-01-04,6740400
2007-01-05,2271600
2007-01-08,2452600
2007-01-09,2292600
2007-01-10,1500800
2007-01-11,1666600
2007-01-12,3194600
2007-01-16,2180800
2007-01-17,2854000
2007-01-18,2143600
2007-01-19,2217000
2007-01-22,3462400
2007-01-23,1400400
2007-01-24,1380600
2007-01-25,2067400
2007-01-26,4720200
2007-01-29,2518600
2007-01-30,1903000
2007-01-31,2027600
2007-02-01,3966000
2007-02-02,2202000
2007-02-05,3164600
2007-02-06,3182400
2007-02-07,3224800
2007-02-08,1354200
2007-02-09,2328000
2007-02-12,1474800
2007-02-13,2450400
2007-02-14,1519000
2007-02-15,781000
2007-02-16,2415400
2007-02-20,1438400
2007-02-21,1491000
2007-02-22,1619200
2007-02-23,2210400
2007-02-26,1274800
2007-02-27,2248600
2007-02-28,2671000
2007-03-01,2448800
2007-03-02,2521800
2007-03-05,1771600
2007-03-06,1635800
2007-03-07,2615000
2007-03-08,1738600
2007-03-09,3733400
2007-03-12,2366000
2007-03-13,1449600
2007-03-14,2686600
2007-03-15,1396800
2007-03-16,2772000
2007-03-19,5963800
2007-03-20,3281000
2007-03-21,2726400
2007-03-22,3792400
2007-03-23,3341800
2007-03-26,3058000
2007-03-27,2909400
2007-03-28,4114200
2007-03-29,1576400
2007-03-30,2174800
2007-04-02,2395800
2007-04-03,3924200
2007-04-04,1857000
2007-04-05,801600
2007-04-09,743200
2007-04-10,3472600
2007-04-11,4909400
2007-04-12,1928000
2007-04-13,3109800
2007-04-16,2456800
2007-04-17,1757200
2007-04-18,2803000
2007-04-19,3104400
2007-04-20,2850200
2007-04-23,6476600
2007-04-24,5248600
2007-04-25,2153000
2007-04-26,2133200
2007-04-27,2152000
2007-04-30,2967000
2007-05-01,2352600
2007-05-02,3130000
2007-05-03,4110200
2007-05-04,2821400
2007-05-07,2049200
2007-05-08,1522400
2007-05-09,1590200
2007-05-10,4607200
2007-05-11,1165200
2007-05-14,1719600
2007-05-15,2713800
2007-05-16,1145800
2007-05-17,2179400
2007-05-18,1515400
2007-05-21,1616200
2007-05-22,2599000
2007-05-23,1129600
2007-05-24,2065600
2007-05-25,1400400
2007-05-29,2252400
2007-05-30,1339400
2007-05-31,3854400
2007-06-01,1530000
2007-06-04,2144800
2007-06-05,2139800
2007-06-06,1932800
2007-06-07,3160400
2007-06-08,4180600
2007-06-11,2134600
2007-06-12,2997400
2007-06-13,3843400
2007-06-14,2951200
2007-06-15,1810600
2007-06-18,1398800
2007-06-19,1730600
2007-06-20,1948000
2007-06-21,2240400
2007-06-22,3049600
2007-06-25,2233200
2007-06-26,2758400
2007-06-27,5113800
2007-06-28,2760400
2007-06-29,2069200
2007-07-02,1718400
2007-07-03,922200
2007-07-05,1339000
2007-07-06,859400
2007-07-09,1197600
2007-07-10,2019600
2007-07-11,2722600
2007-07-12,2677600
2007-07-13,1981400
2007-07-16,1807600
2007-07-17,1679200
2007-07-18,3320000
2007-07-19,1738400
2007-07-20,1607400
2007-07-23,1488000
2007-07-24,2799400
2007-07-25,1949600
2007-07-26,5422000
2007-07-27,3275000
2007-07-30,3274000
2007-07-31,1983200
2007-08-01,2237800
2007-08-02,1383800
2007-08-03,2169200
2007-08-06,1955000
2007-08-07,2694400
2007-08-08,3062800
2007-08-09,11724800
2007-08-10,5240400
2007-08-13,2286200
2007-08-14,1672800
2007-08-15,3991600
2007-08-16,3587200
2007-08-17,3352000
2007-08-20,2010000
2007-08-21,2287800
2007-08-22,3439600
2007-08-23,1985800
2007-08-24,1940400
2007-08-27,1805800
2007-08-28,1575200
2007-08-29,2061800
2007-08-30,951600
2007-08-31,2324800
2007-09-04,3175600
2007-09-05,1512800
2007-09-06,1277200
2007-09-07,1794600
2007-09-10,982200
2007-09-11,1631000
2007-09-12,1754600
2007-09-13,4008800
2007-09-14,4952200
2007-09-17,929800
2007-09-18,1901000
2007-09-19,1962200
2007-09-20,1037000
2007-09-21,1377600
2007-09-24,906000
2007-09-25,841200
2007-09-26,2110800
2007-09-27,1152200
2007-09-28,2177400
2007-10-01,1437400
2007-10-02,1725400
2007-10-03,1185800
2007-10-04,1968600
2007-10-05,1044600
2007-10-08,660000
2007-10-09,1844200
2007-10-10,1648600
2007-10-11,2295200
2007-10-12,1532600
2007-10-15,1226800
2007-10-16,1094200
2007-10-17,1865800
2007-10-18,5357800
2007-10-19,8324000
2007-10-22,3304600
2007-10-23,3112800
2007-10-24,5949400
2007-10-25,3846600
2007-10-26,1661000
2007-10-29,1534000
2007-10-30,999600
2007-10-31,1418000
2007-11-01,2243800
2007-11-02,1551800
2007-11-05,1443600
2007-11-06,1020000
2007-11-07,2111600
2007-11-08,2419600
2007-11-09,2986000
2007-11-12,2271600
2007-11-13,5566400
2007-11-14,1781400
2007-11-15,1823400
2007-11-16,1412800
2007-11-19,1510000
2007-11-20,2504000
2007-11-21,1503400
2007-11-23,6701000
2007-11-26,3472200
2007-11-27,3205600
2007-11-28,3064000
2007-11-29,1818600
2007-11-30,1764000
2007-12-03,1887200
2007-12-04,2021400
2007-12-05,1473600
2007-12-06,1435800
2007-12-07,1994800
2007-12-10,2979800
2007-12-11,2713000
2007-12-12,2583200
2007-12-13,1439200
2007-12-14,2043400
2007-12-17,2153400
2007-12-18,1748400
2007-12-19,1382600
2007-12-20,2313000
2007-12-21,2760400
2007-12-24,922200
2007-12-26,1610400
2007-12-27,1650000
2007-12-28,1460400
2007-12-31,1283400
2008-01-02,1142600
2008-01-03,2795000
2008-01-04,3477600
2008-01-07,3006800
2008-01-08,2618800
2008-01-09,3276000
2008-01-10,2290800
2008-01-11,2850800
2008-01-14,3115400
2008-01-15,4064800
2008-01-16,9926400
2008-01-17,5939200
2008-01-18,8562000
2008-01-22,6804800
2008-01-23,4389200
2008-01-24,4795600
2008-01-25,3426800
2008-01-28,2672800
2008-01-29,3009800
2008-01-30,2948800
2008-01-31,5749400
2008-02-01,3732000
2008-02-04,3260800
2008-02-05,2916200
2008-02-06,4960000
2008-02-07,8463200
2008-02-08,4326600
2008-02-11,4955200
2008-02-12,7504000
2008-02-13,3492200
2008-02-14,4546800
2008-02-15,2906000
2008-02-19,4342200
2008-02-20,2904600
2008-02-21,2970400
2008-02-22,2937200
2008-02-25,2130200
2008-02-26,3053000
2008-02-27,2745800
2008-02-28,2311000
2008-02-29,3166800
2008-03-03,4212200
2008-03-04,4129800
2008-03-05,3380800
2008-03-06,1694400
2008-03-07,2833400
2008-03-10,3991800
2008-03-11,4753200
2008-03-12,5149600
2008-03-13,4174200
2008-03-14,3804200
2008-03-17,6852200
2008-03-18,6739400
2008-03-19,2303600
2008-03-20,4018400
2008-03-24,1870600
2008-03-25,2945600
2008-03-26,3979200
2008-03-27,3912200
2008-03-28,2969400
2008-03-31,7787600
2008-04-01,9031800
2008-04-02,5109000
2008-04-03,2731800
2008-04-04,3943400
2008-04-07,2946200
2008-04-08,3585600
2008-04-09,3700600
2008-04-10,2228800
2008-04-11,2695200
2008-04-14,4585200
2008-04-15,13929400
2008-04-16,4503000
2008-04-17,3013200
2008-04-18,4642600
2008-04-21,3278200
2008-04-22,3216800
2008-04-23,3481400
2008-04-24,4075600
2008-04-25,2361400
2008-04-28,3131200
2008-04-29,2380600
2008-04-30,2794000
2008-05-01,2496600
2008-05-02,4724000
2008-05-05,2860400
2008-05-06,1868200
2008-05-07,1836600
2008-05-08,1363000
2008-05-09,2120400
2008-05-12,1091000
2008-05-13,1439000
2008-05-14,1331400
2008-05-15,2626000
2008-05-16,3473800
2008-05-19,5098000
2008-05-20,3680000
2008-05-21,2588200
2008-05-22,2493200
2008-05-23,1908400
2008-05-27,1903000
2008-05-28,2193400
2008-05-29,4186600
2008-05-30,1874000
2008-06-02,1758200
2008-06-03,2005400
2008-06-04,3048400
2008-06-05,1511600
2008-06-06,2638400
2008-06-09,1776800
2008-06-10,1220400
2008-06-11,1788600
2008-06-12,1574400
2008-06-13,1478600
2008-06-16,1146200
2008-06-17,620200
2008-06-18,1058800
2008-06-19,3110200
2008-06-20,1345000
2008-06-23,2167600
2008-06-24,2523000
2008-06-25,4462600
2008-06-26,2144000
2008-06-27,2294000
2008-06-30,1683600
2008-07-01,3887200
2008-07-02,4715000
2008-07-03,6560600
2008-07-07,5668200
2008-07-08,4076000
2008-07-09,5477800
2008-07-10,8447600
2008-07-11,3086600
2008-07-14,2457000
2008-07-15,5166800
2008-07-16,5393200
2008-07-17,4340000
2008-07-18,5482800
2008-07-21,10790800
2008-07-22,2921200
2008-07-23,4519200
2008-07-24,1825400
2008-07-25,3899200
2008-07-28,2580200
2008-07-29,3994600
2008-07-30,5993000
2008-07-31,11375400
2008-08-01,13542400
2008-08-04,4971000
2008-08-05,8476600
2008-08-06,5766400
2008-08-07,3379800
2008-08-08,6593800
2008-08-11,4237000
2008-08-12,1758200
2008-08-13,1782600
2008-08-14,2399800
2008-08-15,2026400
2008-08-18,2451400
2008-08-19,3329000
2008-08-20,2508600
2008-08-21,1873800
2008-08-22,1973400
2008-08-25,1443800
2008-08-26,1209600
2008-08-27,1493000
2008-08-28,1264800
2008-08-29,1873400
2008-09-02,1716400
2008-09-03,2152400
2008-09-04,2400600
2008-09-05,2378600
2008-09-08,3573400
2008-09-09,3334200
2008-09-10,1848600
2008-09-11,4058800
2008-09-12,2451000
2008-09-15,3073800
2008-09-16,4930200
2008-09-17,4561000
2008-09-18,4570400
2008-09-19,4108400
2008-09-22,2876000
2008-09-23,3982800
2008-09-24,5968400
2008-09-25,3410800
2008-09-26,2031800
2008-09-29,4289600
2008-09-30,4628600
2008-10-01,4601800
2008-10-02,6189600
2008-10-03,5255800
2008-10-06,4940400
2008-10-07,4570800
2008-10-08,5421400
2008-10-09,6620400
2008-10-10,6464800
2008-10-13,4370200
2008-10-14,3114800
2008-10-15,2607600
2008-10-16,5393400
2008-10-17,3393400
2008-10-20,3206600
2008-10-21,3305000
2008-10-22,2794000
2008-10-23,3601400
2008-10-24,3880000
2008-10-27,3383400
2008-10-28,4457400
2008-10-29,4258600
2008-10-30,5218600
2008-10-31,2736200
2008-11-03,1832000
2008-11-04,1852200
2008-11-05,2606200
2008-11-06,3321400
2008-11-07,2265600
2008-11-10,9537200
2008-11-11,5027200
2008-11-12,5951800
2008-11-13,3785400
2008-11-14,2911400
2008-11-17,4180000
2008-11-18,2178200
2008-11-19,7345200
2008-11-20,5303000
2008-11-21,5611200
2008-11-24,4816400
2008-11-25,6191800
2008-11-26,3523400
2008-11-28,1404200
2008-12-01,2645000
2008-12-02,2739200
2008-12-03,3058000
2008-12-04,3151200
2008-12-05,2654600
2008-12-08,2224800
2008-12-09,3501400
2008-12-10,1444000
2008-12-11,3085200
2008-12-12,3654000
2008-12-15,4206400
2008-12-16,4538000
2008-12-17,2725600
2008-12-18,2638000
2008-12-19,1787800
2008-12-22,2295400
2008-12-23,1637200
2008-12-24,970000
2008-12-26,743200
2008-12-29,1957600
2008-12-30,3008800
2008-12-31,1623200
2009-01-02,1964800
2009-01-05,2165000
2009-01-06,3739400
2009-01-07,3879400
2009-01-08,1875000
2009-01-09,1857400
2009-01-12,1749600
2009-01-13,3056200
2009-01-14,3794600
2009-01-15,2496600
2009-01-16,2833000
2009-01-20,4325600
2009-01-21,3015600
2009-01-22,1590600
2009-01-23,4266800
2009-01-26,2506400
2009-01-27,3292000
2009-01-28,4366000
2009-01-29,4500600
2009-01-30,2989400
2009-02-02,2278200
2009-02-03,2340200
2009-02-04,2935200
2009-02-05,2042800
2009-02-06,1633800
2009-02-09,1306200
2009-02-10,1908000
2009-02-11,1874400
2009-02-12,1932200
2009-02-13,3444600
2009-02-17,2619200
2009-02-18,2219200
2009-02-19,2660200
2009-02-20,3040200
2009-02-23,1758400
2009-02-24,2890600
2009-02-25,3648200
2009-02-26,3210200
2009-02-27,6312000
2009-03-02,2886000
2009-03-03,3936600
2009-03-04,3645400
2009-03-05,4150000
2009-03-06,4627000
2009-03-09,4082400
2009-03-10,3714400
2009-03-11,3184800
2009-03-12,4355200
2009-03-13,5136800
2009-03-16,3734000
2009-03-17,3178400
2009-03-18,3426000
2009-03-19,1706000
2009-03-20,1799800
2009-03-23,4554600
2009-03-24,1742200
2009-03-25,5853800
2009-03-26,3553400
2009-03-27,2568600
2009-03-30,7443600
2009-03-31,4687600
2009-04-01,5780600
2009-04-02,5042600
2009-04-03,4684600
2009-04-06,2702000
2009-04-07,3084400
2009-04-08,4343800
2009-04-09,2635000
2009-04-13,1426400
2009-04-14,3068600
2009-04-15,2236400
2009-04-16,2815200
2009-04-17,2750400
2009-04-20,1984200
2009-04-21,2516200
2009-04-22,2455600
2009-04-23,5004200
2009-04-24,2940400
2009-04-27,3619600
2009-04-28,2072000
2009-04-29,3926000
2009-04-30,5361200
2009-05-01,2830200
2009-05-04,8918400
2009-05-05,4789600
2009-05-06,2347400
2009-05-07,3691200
2009-05-08,3668600
2009-05-11,8247000
2009-05-12,4517200
2009-05-13,4828200
2009-05-14,4877800
2009-05-15,3282600
2009-05-18,2853800
2009-05-19,2982000
2009-05-20,2493400
2009-05-21,3411800
2009-05-22,2406000
2009-05-26,2726800
2009-05-27,3102200
2009-05-28,2345000
2009-05-29,2576000
2009-06-01,2181000
2009-06-02,3168200
2009-06-03,2959800
2009-06-04,3015800
2009-06-05,2354800
2009-06-08,2180400
2009-06-09,1328800
2009-06-10,2127200
2009-06-11,1996600
2009-06-12,3688000
2009-06-15,4501600
2009-06-16,2478600
2009-06-17,3515400
2009-06-18,3314600
2009-06-19,2075800
2009-06-22,1908600
2009-06-23,1881600
2009-06-24,1751400
2009-06-25,3016600
2009-06-26,1560400
2009-06-29,1911200
2009-06-30,1772200
2009-07-01,2026000
2009-07-02,1759600
2009-07-06,1820600
2009-07-07,5674200
2009-07-08,2521600
2009-07-09,1857400
2009-07-10,1819400
2009-07-13,1638400
2009-07-14,1506400
2009-07-15,2216200
2009-07-16,1863400
2009-07-17,5286400
2009-07-20,1256000
2009-07-21,1763400
2009-07-22,2336000
2009-07-23,2185600
2009-07-24,1509000
2009-07-27,2506800
2009-07-28,1629800
2009-07-29,4223000
2009-07-30,7944400
2009-07-31,5131200
2009-08-03,4795200
2009-08-04,2185600
2009-08-05,3296200
2009-08-06,2614000
2009-08-07,3568600
2009-08-10,1473200
2009-08-11,1337000
2009-08-12,1160800
2009-08-13,1405800
2009-08-14,1872800
2009-08-17,1506000
2009-08-18,1601000
2009-08-19,2110000
2009-08-20,2603200
2009-08-21,1730200
2009-08-24,1940200
2009-08-25,2374400
2009-08-26,1937200
2009-08-27,2916200
2009-08-28,3064400
2009-08-31,5874400
2009-09-01,3013600
2009-09-02,1452600
2009-09-03,2526400
2009-09-04,1896800
2009-09-08,1245000
2009-09-09,3542600
2009-09-10,7158600
2009-09-11,3874800
2009-09-14,1834400
2009-09-15,4500200
2009-09-16,2212400
2009-09-17,4737000
2009-09-18,6422200
2009-09-21,4482800
2009-09-22,3522000
2009-09-23,2359000
2009-09-24,4920000
2009-09-25,3444200
2009-09-28,3051000
2009-09-29,3000600
2009-09-30,3815200
2009-10-01,3416000
2009-10-02,3321400
2009-10-05,3525800
2009-10-06,2926800
2009-10-07,2285800
2009-10-08,1986800
2009-10-09,2237800
2009-10-12,3039400
2009-10-13,4141800
2009-10-14,2592800
2009-10-15,2108200
2009-10-16,2549600
2009-10-19,3489000
2009-10-20,3470800
2009-10-21,4091800
2009-10-22,2311800
2009-10-23,2118800
2009-10-26,2127600
2009-10-27,3898000
2009-10-28,4213000
2009-10-29,6339800
2009-10-30,3131000
2009-11-02,2680000
2009-11-03,2464400
2009-11-04,3086600
2009-11-05,2617800
2009-11-06,4090000
2009-11-09,1764600
2009-11-10,3152200
2009-11-11,2322400
2009-11-12,2034600
2009-11-13,1499200
2009-11-16,1662000
2009-11-17,2102600
2009-11-18,1165200
2009-11-19,1095200
2009-11-20,2609000
2009-11-23,2465200
2009-11-24,4465600
2009-11-25,2485800
2009-11-27,2525200
2009-11-30,2053000
2009-12-01,1903800
2009-12-02,1673000
2009-12-03,1862000
2009-12-04,4901000
2009-12-07,2168200
2009-12-08,3361800
2009-12-09,3947200
2009-12-10,3402200
2009-12-11,2395200
2009-12-14,1378200
2009-12-15,2938600
2009-12-16,1978200
2009-12-17,1914000
2009-12-18,1757800
2009-12-21,1383800
2009-12-22,2330600
2009-12-23,1587600
2009-12-24,418400
2009-12-28,1303600
2009-12-29,993400
2009-12-30,1778200
2009-12-31,1134800
2010-01-04,2606200
2010-01-05,2666600
2010-01-06,3020800
2010-01-07,4454600
2010-01-08,2675600
2010-01-11,4584000
2010-01-12,3153200
2010-01-13,4653000
2010-01-14,5256200
2010-01-15,1553000
2010-01-19,5796000
2010-01-20,4256400
2010-01-21,6323200
2010-01-22,2438600
2010-01-25,2686400
2010-01-26,3648200
2010-01-27,2561200
2010-01-28,12996600
2010-01-29,2158000
2010-02-01,3013200
2010-02-02,4070600
2010-02-03,3387000
2010-02-04,3697000
2010-02-05,4933600
2010-02-08,2670000
2010-02-09,5511800
2010-02-10,3230600
2010-02-11,2424200
2010-02-12,2435600
2010-02-16,2120800
2010-02-17,1293400
2010-02-18,1651200
2010-02-19,1801200
2010-02-22,1354800
2010-02-23,2120200
2010-02-24,1630600
2010-02-25,2276600
2010-02-26,9691600
2010-03-01,4172000
2010-03-02,1840200
2010-03-03,1887600
2010-03-04,1946600
2010-03-05,1942800
2010-03-08,3704800
2010-03-09,2018200
2010-03-10,2657400
2010-03-11,3445000
2010-03-12,3740400
2010-03-15,2974600
2010-03-16,2572800
2010-03-17,1594000
2010-03-18,1957000
2010-03-19,1857000
2010-03-22,2447800
2010-03-23,1945600
2010-03-24,2102600
2010-03-25,1762200
2010-03-26,1306600
2010-03-29,1235600
2010-03-30,2231800
2010-03-31,2035400
2010-04-01,1411000
2010-04-05,834000
2010-04-06,1840600
2010-04-07,2546200
2010-04-08,2164000
2010-04-09,2997200
2010-04-12,1404000
2010-04-13,1975600
2010-04-14,1648600
2010-04-15,1449400
2010-04-16,4510400
2010-04-19,1790200
2010-04-20,1981800
2010-04-21,2552800
2010-04-22,3814000
2010-04-23,1654600
2010-04-26,1496000
2010-04-27,4086200
2010-04-28,4230400
2010-04-29,4952200
2010-04-30,3646400
2010-05-03,2469600
2010-05-04,3124000
2010-05-05,3942200
2010-05-06,6252400
2010-05-07,7692400
2010-05-10,3930000
2010-05-11,2649200
2010-05-12,3458000
2010-05-13,5335600
2010-05-14,7262600
2010-05-17,6101800
2010-05-18,6550200
2010-05-19,7497400
2010-05-20,7954000
2010-05-21,4623200
2010-05-24,3492400
2010-05-25,7474600
2010-05-26,7523000
2010-05-27,3798400
2010-05-28,5205200
2010-06-01,5004800
2010-06-02,6413600
2010-06-03,4263000
2010-06-04,4275400
2010-06-07,4113200
2010-06-08,3552200
2010-06-09,3231600
2010-06-10,6962600
2010-06-11,6935200
2010-06-14,4122400
2010-06-15,3472400
2010-06-16,2692200
2010-06-17,2698000
2010-06-18,2431200
2010-06-21,3657400
2010-06-22,3438200
2010-06-23,2372600
2010-06-24,2546400
2010-06-25,2877200
2010-06-28,2547600
2010-06-29,15929800
2010-06-30,12838400
2010-07-01,8165800
2010-07-02,3770200
2010-07-06,3750600
2010-07-07,3853000
2010-07-08,3793600
2010-07-09,2419600
2010-07-12,1965600
2010-07-13,3052200
2010-07-14,4213200
2010-07-15,2942400
2010-07-16,4101800
2010-07-19,2309800
2010-07-20,2582600
2010-07-21,2966000
2010-07-22,2796000
2010-07-23,7036000
2010-07-26,13704800
2010-07-27,6201800
2010-07-28,12121400
2010-07-29,9004800
2010-07-30,6494800
2010-08-02,3865200
2010-08-03,4207200
2010-08-04,4279400
2010-08-05,3621600
2010-08-06,3046800
2010-08-09,2204800
2010-08-10,4100200
2010-08-11,2936400
2010-08-12,3220600
2010-08-13,1909000
2010-08-16,1757400
2010-08-17,2063800
2010-08-18,2032800
2010-08-19,2060600
2010-08-20,1772200
2010-08-23,1719800
2010-08-24,2645600
2010-08-25,1715200
2010-08-26,1788400
2010-08-27,1651600
2010-08-30,1563400
2010-08-31,2963200
2010-09-01,2076200
2010-09-02,916800
2010-09-03,1321600
2010-09-07,1751600
2010-09-08,2334000
2010-09-09,1435400
2010-09-10,1703400
2010-09-13,1972400
2010-09-14,1935600
2010-09-15,1883800
2010-09-16,1189200
2010-09-17,1599400
2010-09-20,1893400
2010-09-21,2174400
2010-09-22,1552600
2010-09-23,2239200
2010-09-24,1185200
2010-09-27,1294000
2010-09-28,2458000
2010-09-29,1982400
2010-09-30,3023200
2010-10-01,2558200
2010-10-04,1662600
2010-10-05,1900600
2010-10-06,1526400
2010-10-07,1686800
2010-10-08,1275200
2010-10-11,1043000
2010-10-12,2289800
2010-10-13,1883400
2010-10-14,2171600
2010-10-15,1755600
2010-10-18,1316800
2010-10-19,2565200
2010-10-20,2072600
2010-10-21,2281000
2010-10-22,2592000
2010-10-25,3179600
2010-10-26,1236200
2010-10-27,2998200
2010-10-28,3881400
2010-10-29,3120600
2010-11-01,2766600
2010-11-02,1865800
2010-11-03,1881200
2010-11-04,3131400
2010-11-05,2136200
2010-11-08,1447200
2010-11-09,1616800
2010-11-10,1734200
2010-11-11,1497200
2010-11-12,1648000
2010-11-15,2626000
2010-11-16,3420000
2010-11-17,1686200
2010-11-18,2672000
2010-11-19,2327600
2010-11-22,1694400
2010-11-23,3731400
2010-11-24,2091400
2010-11-26,1107800
2010-11-29,3741600
2010-11-30,5274600
2010-12-01,2255600
2010-12-02,1963800
2010-12-03,1669200
2010-12-06,2371800
2010-12-07,2911000
2010-12-08,2450800
2010-12-09,2110400
2010-12-10,1629600
2010-12-13,2742400
2010-12-14,1703000
2010-12-15,3187200
2010-12-16,2257800
2010-12-17,10425000
2010-12-20,3998600
2010-12-21,2208800
2010-12-22,1168000
2010-12-23,1939400
2010-12-27,1029200
2010-12-28,1023400
2010-12-29,2181600
2010-12-30,2015800
2010-12-31,748400
2011-01-03,1428800
2011-01-04,1922400
2011-01-05,4217600
2011-01-06,2976800
2011-01-07,2918600
2011-01-10,2140400
2011-01-11,2036800
2011-01-12,1876000
2011-01-13,2209400
2011-01-14,1656000
2011-01-18,3039200
2011-01-19,1939600
2011-01-20,2592800
2011-01-21,4457600
2011-01-24,2694600
2011-01-25,2301000
2011-01-26,2614200
2011-01-27,5245800
2011-01-28,4180800
2011-01-31,4079000
2011-02-01,2414000
2011-02-02,2114400
2011-02-03,4370200
2011-02-04,2330200
2011-02-07,2223200
2011-02-08,8266000
2011-02-09,3182800
2011-02-10,2583800
2011-02-11,1712400
2011-02-14,1306400
2011-02-15,1558800
2011-02-16,2469200
2011-02-17,1484400
2011-02-18,1475800
2011-02-22,2189800
2011-02-23,2049200
2011-02-24,2956400
2011-02-25,1947000
2011-02-28,2114400
2011-03-01,2751200
2011-03-02,1986000
2011-03-03,1471600
2011-03-04,1505400
2011-03-07,1762200
2011-03-08,1858800
2011-03-09,2595600
2011-03-10,2364200
2011-03-11,2020600
2011-03-14,3578000
2011-03-15,4738600
2011-03-16,8923600
2011-03-17,4429800
2011-03-18,4027800
2011-03-21,1700800
2011-03-22,1802800
2011-03-23,3259200
2011-03-24,1561600
2011-03-25,1552800
2011-03-28,3828800
2011-03-29,3632000
2011-03-30,2365200
2011-03-31,2245800
2011-04-01,1850600
2011-04-04,1486600
2011-04-05,1787000
2011-04-06,2329200
2011-04-07,2786800
2011-04-08,1830200
2011-04-11,2416600
2011-04-12,3876200
2011-04-13,4249600
2011-04-14,2369600
2011-04-15,1682200
2011-04-18,1849800
2011-04-19,1356600
2011-04-20,2946400
2011-04-21,3026800
2011-04-25,1422200
2011-04-26,2600000
2011-04-27,4931600
2011-04-28,5489800
2011-04-29,4059000
2011-05-02,3055600
2011-05-03,2235400
2011-05-04,2968400
2011-05-05,2317200
2011-05-06,2378400
2011-05-09,1963200
2011-05-10,1958200
2011-05-11,4342400
2011-05-12,4507400
2011-05-13,1859600
2011-05-16,1788200
2011-05-17,2599200
2011-05-18,1988800
2011-05-19,1971000
2011-05-20,1457000
2011-05-23,2338000
2011-05-24,1858800
2011-05-25,2004200
2011-05-26,1690200
2011-05-27,1831400
2011-05-31,2521800
2011-06-01,2065800
2011-06-02,2146800
2011-06-03,1615400
2011-06-06,2039200
2011-06-07,2290600
2011-06-08,2995600
2011-06-09,1595600
2011-06-10,3092400
2011-06-13,1797800
2011-06-14,1860600
2011-06-15,2403800
2011-06-16,3079000
2011-06-17,2133600
2011-06-20,1891200
2011-06-21,3601800
2011-06-22,2540000
2011-06-23,3890000
2011-06-24,2448200
2011-06-27,2022400
2011-06-28,2533000
2011-06-29,4037600
2011-06-30,4780200
2011-07-01,1688000
2011-07-05,3767600
2011-07-06,3132600
2011-07-07,1756200
2011-07-08,1679800
2011-07-11,2573400
2011-07-12,2339600
2011-07-13,2941000
2011-07-14,1961200
2011-07-15,3553600
2011-07-18,3713000
2011-07-19,4525400
2011-07-20,4550200
2011-07-21,8639400
2011-07-22,3845400
2011-07-25,2791200
2011-07-26,2381000
2011-07-27,2945200
2011-07-28,4578400
2011-07-29,3736600
2011-08-01,3014200
2011-08-02,4092200
2011-08-03,3944200
2011-08-04,8079600
2011-08-05,6929200
2011-08-08,6217000
2011-08-09,6806000
2011-08-10,8302800
2011-08-11,9316400
2011-08-12,4772600
2011-08-15,7138000
2011-08-16,4470400
2011-08-17,3351600
2011-08-18,6076600
2011-08-19,4433200
2011-08-22,4291400
2011-08-23,5856600
2011-08-24,3757800
2011-08-25,3353800
2011-08-26,2944200
2011-08-29,2946800
2011-08-30,3705000
2011-08-31,3881400
2011-09-01,3145000
2011-09-02,3907800
2011-09-06,3263000
2011-09-07,2065800
2011-09-08,2268800
2011-09-09,2840000
2011-09-12,3712600
2011-09-13,2928800
2011-09-14,2878000
2011-09-15,2602800
2011-09-16,2554600
2011-09-19,2365400
2011-09-20,2011200
2011-09-21,2535000
2011-09-22,3569200
2011-09-23,2459800
2011-09-26,2732400
2011-09-27,3624600
2011-09-28,2634000
2011-09-29,3048200
2011-09-30,4652800
2011-10-03,4208400
2011-10-04,4200000
2011-10-05,4255200
2011-10-06,3501600
2011-10-07,3014200
2011-10-10,2689400
2011-10-11,2086800
2011-10-12,2731000
2011-10-13,3718400
2011-10-14,1746200
2011-10-17,2717000
2011-10-18,1989600
2011-10-19,2158800
2011-10-20,2014600
2011-10-21,2733200
2011-10-24,2259600
2011-10-25,2509000
2011-10-26,2506000
2011-10-27,3639600
2011-10-28,2989800
2011-10-31,3204000
2011-11-01,3264000
2011-11-02,3524000
2011-11-03,2338200
2011-11-04,2983200
2011-11-07,4250000
2011-11-08,5944800
2011-11-09,3832800
2011-11-10,1782800
2011-11-11,2094800
2011-11-14,1973800
2011-11-15,1931200
2011-11-16,2434200
2011-11-17,2180600
2011-11-18,1880800
2011-11-21,3158400
2011-11-22,3715200
2011-11-23,2969400
2011-11-25,1703600
2011-11-28,1774400
2011-11-29,3685200
2011-11-30,5399000
2011-12-01,2408000
2011-12-02,3272000
2011-12-05,1641400
2011-12-06,1475800
2011-12-07,9825800
2011-12-08,3164600
2011-12-09,1816400
2011-12-12,2695800
2011-12-13,4016800
2011-12-14,3100800
2011-12-15,3696200
2011-12-16,3359400
2011-12-19,2030000
2011-12-20,5672800
2011-12-21,2658800
2011-12-22,1979200
2011-12-23,1711000
2011-12-27,1459000
2011-12-28,1928800
2011-12-29,1160200
2011-12-30,2138200
2012-01-03,3493400
2012-01-04,3253000
2012-01-05,2606000
2012-01-06,2009600
2012-01-09,2971400
2012-01-10,2406400
2012-01-11,2601600
2012-01-12,2391600
2012-01-13,2322800
2012-01-17,2778600
2012-01-18,3088400
2012-01-19,3821800
2012-01-20,1727400
2012-01-23,1669600
2012-01-24,2100200
2012-01-25,2013000
2012-01-26,1937000
2012-01-27,1702400
2012-01-30,3647000
2012-01-31,2365200
2012-02-01,3228200
2012-02-02,6830200
2012-02-03,3138400
2012-02-06,3142000
2012-02-07,2385000
2012-02-08,1999400
2012-02-09,4804800
2012-02-10,2535200
2012-02-13,2353400
2012-02-14,3305400
2012-02-15,4319600
2012-02-16,4121200
2012-02-17,2367000
2012-02-21,3544800
2012-02-22,3037800
2012-02-23,3237600
2012-02-24,2202000
2012-02-27,2167200
2012-02-28,3774400
2012-02-29,3499200
2012-03-01,2753600
2012-03-02,2745600
2012-03-05,2368400
2012-03-06,3143400
2012-03-07,1442400
2012-03-08,1651200
2012-03-09,1415600
2012-03-12,2804800
2012-03-13,3009000
2012-03-14,2506600
2012-03-15,2341400
2012-03-16,2181600
2012-03-19,1743800
2012-03-20,3576600
2012-03-21,4771600
2012-03-22,4767400
2012-03-23,3159400
2012-03-26,2519800
2012-03-27,5475600
2012-03-28,6538200
2012-03-29,6827000
2012-03-30,3713400
2012-04-02,3055600
2012-04-03,2671400
2012-04-04,2840400
2012-04-05,2130600
2012-04-09,2244200
2012-04-10,4208200
2012-04-11,7022600
2012-04-12,4194200
2012-04-13,2217400
2012-04-16,2104200
2012-04-17,2209000
2012-04-18,1943000
2012-04-19,2207000
2012-04-20,4880800
2012-04-23,3056600
2012-04-24,2126600
2012-04-25,3224800
2012-04-26,16581600
2012-04-27,4449400
2012-04-30,3620800
2012-05-01,3451200
2012-05-02,3174400
2012-05-03,3232000
2012-05-04,2232200
2012-05-07,2811000
2012-05-08,2501800
2012-05-09,2981200
2012-05-10,2156800
2012-05-11,1824400
2012-05-14,1900400
2012-05-15,2115200
2012-05-16,4825000
2012-05-17,5896400
2012-05-18,2610200
2012-05-21,2803800
2012-05-22,2796800
2012-05-23,2600000
2012-05-24,1965000
2012-05-25,1541000
2012-05-29,1782200
2012-05-30,2871200
2012-05-31,2397800
2012-06-01,2842600
2012-06-04,1557800
2012-06-05,2117600
2012-06-06,1962400
2012-06-07,2358800
2012-06-08,2267200
2012-06-11,2544600
2012-06-12,1892000
2012-06-13,3040400
2012-06-14,1950000
2012-06-15,2286000
2012-06-18,1810400
2012-06-19,4487000
2012-06-20,3396600
2012-06-21,3142600
2012-06-22,1620400
2012-06-25,1772200
2012-06-26,3512800
2012-06-27,2477400
2012-06-28,5115600
2012-06-29,7850000
2012-07-02,7884600
2012-07-03,5294200
2012-07-05,4829800
2012-07-06,3303200
2012-07-09,2397600
2012-07-10,1992600
2012-07-11,3210800
2012-07-12,4470800
2012-07-13,2635000
2012-07-16,2970400
2012-07-17,2735200
2012-07-18,2948400
2012-07-19,4608200
2012-07-20,4194200
2012-07-23,4339000
2012-07-24,5608800
2012-07-25,5046800
2012-07-26,4468600
2012-07-27,5191400
2012-07-30,3301200
2012-07-31,3315600
2012-08-01,3810400
2012-08-02,2856600
2012-08-03,4641000
2012-08-06,2880400
2012-08-07,2952400
2012-08-08,2627800
2012-08-09,2454600
2012-08-10,2334000
2012-08-13,1898400
2012-08-14,2558800
2012-08-15,2046800
2012-08-16,2084200
2012-08-17,2107600
2012-08-20,2089600
2012-08-21,2115000
2012-08-22,1865800
2012-08-23,1304200
2012-08-24,1526200
2012-08-27,2220800
2012-08-28,2606200
2012-08-29,2560200
2012-08-30,2301800
2012-08-31,2114000
2012-09-04,2567200
2012-09-05,1452600
2012-09-06,2180800
2012-09-07,4611600
2012-09-10,5356600
2012-09-11,2032400
2012-09-12,2247600
2012-09-13,2004600
2012-09-14,2471600
2012-09-17,2261600
2012-09-18,1386400
2012-09-19,3946200
2012-09-20,2043800
2012-09-21,3216400
2012-09-24,1534600
2012-09-25,2129200
2012-09-26,2144200
2012-09-27,1494800
2012-09-28,3680800
2012-10-01,6718200
2012-10-02,7226800
2012-10-03,5670000
2012-10-04,2616800
2012-10-05,3678800
2012-10-08,5070600
2012-10-09,3523000
2012-10-10,3009000
2012-10-11,1734000
2012-10-12,1989000
2012-10-15,1410000
2012-10-16,2136800
2012-10-17,2073200
2012-10-18,2826800
2012-10-19,1575800
2012-10-22,1460800
2012-10-23,1658000
2012-10-24,1752000
2012-10-25,2039600
2012-10-26,1456800
2012-10-31,1742600
2012-11-01,1530600
2012-11-02,1541000
2012-11-05,1811000
2012-11-06,1977800
2012-11-07,2774000
2012-11-08,2898600
2012-11-09,1768000
2012-11-12,1298600
2012-11-13,1617800
2012-11-14,1841600
2012-11-15,2028600
2012-11-16,3962200
2012-11-19,3045000
2012-11-20,1530000
2012-11-21,1092200
2012-11-23,1265600
2012-11-26,1217200
2012-11-27,1377400
2012-11-28,1699400
2012-11-29,2702600
2012-11-30,1391800
2012-12-03,1740400
2012-12-04,3024600
2012-12-05,2556000
2012-12-06,2462200
2012-12-07,2374800
2012-12-10,1761000
2012-12-11,1887000
2012-12-12,3775800
2012-12-13,4210000
2012-12-14,5121400
2012-12-17,2414200
2012-12-18,2437400
2012-12-19,2475200
2012-12-20,2197400
2012-12-21,1971600
2012-12-24,743000
2012-12-26,989400
2012-12-27,2236400
2012-12-28,1998200
2012-12-31,1916600
2013-01-02,2812000
2013-01-03,1941200
2013-01-04,1854800
2013-01-07,1932200
2013-01-08,1853800
2013-01-09,2471800
2013-01-10,3082800
2013-01-11,2101200
2013-01-14,3654800
2013-01-15,2426800
2013-01-16,2747000
2013-01-17,2218400
2013-01-18,1489000
2013-01-22,2693800
2013-01-23,3253400
2013-01-24,5453000
2013-01-25,3373400
2013-01-28,3424400
2013-01-29,2629800
2013-01-30,2824600
2013-01-31,8916000
2013-02-01,8044400
2013-02-04,4531200
2013-02-05,6043600
2013-02-06,4055200
2013-02-07,4199200
2013-02-08,2574200
2013-02-11,4217800
2013-02-12,7313200
2013-02-13,5801400
2013-02-14,3048800
2013-02-15,2927400
2013-02-19,4073200
2013-02-20,3995400
2013-02-21,3365200
2013-02-22,3389800
2013-02-25,6193600
2013-02-26,5020800
2013-02-27,3762000
2013-02-28,3444000
2013-03-01,2235000
2013-03-04,2440800
2013-03-05,2475600
2013-03-06,2973200
2013-03-07,2500400
2013-03-08,4474200
2013-03-11,4215600
2013-03-12,4388800
2013-03-13,2751600
2013-03-14,3754400
2013-03-15,2122200
2013-03-18,2917200
2013-03-19,3389400
2013-03-20,3457000
2013-03-21,10765600
2013-03-22,10048000
2013-03-25,7023800
2013-03-26,5555200
2013-03-27,3342200
2013-03-28,6603600
2013-04-01,3628600
2013-04-02,5328600
2013-04-03,3334400
2013-04-04,3103000
2013-04-05,5682800
2013-04-08,5984400
2013-04-09,4751400
2013-04-10,4929400
2013-04-11,4230000
2013-04-12,4140800
2013-04-15,4872800
2013-04-16,2695800
2013-04-17,8015800
2013-04-18,4374800
2013-04-19,2766400
2013-04-22,3935800
2013-04-23,3812800
2013-04-24,4376600
2013-04-25,5399000
2013-04-26,2982200
2013-04-29,2785400
2013-04-30,2088200
2013-05-01,2342400
2013-05-02,2195200
2013-05-03,3276000
2013-05-06,2193600
2013-05-07,2629000
2013-05-08,3221400
2013-05-09,1766400
2013-05-10,2319000
2013-05-13,2161400
2013-05-14,4235600
2013-05-15,4847400
2013-05-16,2697400
2013-05-17,5473600
2013-05-20,5988400
2013-05-21,3548200
2013-05-22,6270000
2013-05-23,3274000
2013-05-24,2648200
2013-05-28,3243800
2013-05-29,2644200
2013-05-30,2656000
2013-05-31,4249600
2013-06-03,2727600
2013-06-04,3063600
2013-06-05,4544000
2013-06-06,4183000
2013-06-07,4926200
2013-06-10,3971200
2013-06-11,4944400
2013-06-12,5092400
2013-06-13,3848800
2013-06-14,3021000
2013-06-17,3807800
2013-06-18,4225800
2013-06-19,2342200
2013-06-20,7253400
2013-06-21,5613800
2013-06-24,6638800
2013-06-25,4995000
2013-06-26,3293000
2013-06-27,2427800
2013-06-28,4429200
2013-07-01,4195400
2013-07-02,3120400
2013-07-03,2845200
2013-07-05,2368400
2013-07-08,3448600
2013-07-09,2687200
2013-07-10,2738200
2013-07-11,3096000
2013-07-12,1789400
2013-07-15,2727400
2013-07-16,2785000
2013-07-17,3744600
2013-07-18,3633800
2013-07-19,3041000
2013-07-22,2444000
2013-07-23,4860400
2013-07-24,3707800
2013-07-25,3159400
2013-07-26,2438000
2013-07-29,2195800
2013-07-30,1867200
2013-07-31,3819400
2013-08-01,3434200
2013-08-02,2625200
2013-08-05,2546800
2013-08-06,2638200
2013-08-07,3806200
2013-08-08,4689800
2013-08-09,2858000
2013-08-12,3766800
2013-08-13,3258600
2013-08-14,3495400
2013-08-15,8182000
2013-08-16,4581600
2013-08-19,3982800
2013-08-20,2805400
2013-08-21,2593000
2013-08-22,2164400
2013-08-23,1937400
2013-08-26,1536000
2013-08-27,2226600
2013-08-28,3223600
2013-08-29,2668000
2013-08-30,2378000
2013-09-03,2791000
2013-09-04,2130400
2013-09-05,2814000
2013-09-06,3956600
2013-09-09,2036600
2013-09-10,2839000
2013-09-11,5908800
2013-09-12,3878800
2013-09-13,2656800
2013-09-16,3562600
2013-09-17,2943200
2013-09-18,2730400
2013-09-19,2442400
2013-09-20,1963800
2013-09-23,2112000
2013-09-24,1997000
2013-09-25,1773400
2013-09-26,2135600
2013-09-27,2313800
2013-09-30,2922200
2013-10-01,2601800
2013-10-02,2105800
2013-10-03,2066800
2013-10-04,2172200
2013-10-07,3338200
2013-10-08,3251800
2013-10-09,3226400
2013-10-10,2410600
2013-10-11,3124800
2013-10-14,1548600
2013-10-15,2336800
2013-10-16,2047200
2013-10-17,1876400
2013-10-18,1234800
2013-10-21,1188800
2013-10-22,1239600
2013-10-23,1816000
2013-10-24,2945600
2013-10-25,2401800
2013-10-28,3000000
2013-10-29,1350200
2013-10-30,3965800
2013-10-31,3296000
2013-11-01,4067400
2013-11-04,2395600
2013-11-05,2105400
2013-11-06,1294000
2013-11-07,1921200
2013-11-08,2110600
2013-11-11,7071600
2013-11-12,4817200
2013-11-13,4747000
2013-11-14,2599200
2013-11-15,1648600
2013-11-18,2401800
2013-11-19,1847000
2013-11-20,1334200
2013-11-21,5118400
2013-11-22,5625800
2013-11-25,2266600
2013-11-26,3324600
2013-11-27,3028000
2013-11-29,4661400
2013-12-02,5575000
2013-12-03,7952600
2013-12-04,4180200
2013-12-05,9013400
2013-12-06,3105200
2013-12-09,5263600
2013-12-10,2499600
2013-12-11,2370000
2013-12-12,3674000
2013-12-13,3465600
2013-12-16,4625200
2013-12-17,6072600
2013-12-18,9595600
2013-12-19,10566200
2013-12-20,9034200
2013-12-23,3824000
2013-12-24,1380400
2013-12-26,1423200
2013-12-27,2331600
2013-12-30,4036600
2013-12-31,1244200
2014-01-02,2026000
2014-01-03,1841400
2014-01-06,1931200
2014-01-07,2772200
2014-01-08,4639400
2014-01-09,3495200
2014-01-10,5064400
2014-01-13,3226000
2014-01-14,8026600
2014-01-15,4957400
2014-01-16,4055600
2014-01-17,4204600
2014-01-21,10410000
2014-01-22,5875200
2014-01-23,5519800
2014-01-24,14172400
2014-01-27,7121800
2014-01-28,4474400
2014-01-29,2285000
2014-01-30,3501000
2014-01-31,2840800
2014-02-03,3806400
2014-02-04,2320800
2014-02-05,4473800
2014-02-06,6778600
2014-02-07,3548600
2014-02-10,3242200
2014-02-11,3281600
2014-02-12,2645400
2014-02-13,4215800
2014-02-14,12092800
2014-02-18,15014000
2014-02-19,7362800
2014-02-20,9053000
2014-02-21,2916200
2014-02-24,4562000
2014-02-25,6060000
2014-02-26,6474200
2014-02-27,4468000
2014-02-28,7469800
2014-03-03,3910000
2014-03-04,4164800
2014-03-05,2805400
2014-03-06,3426400
2014-03-07,3115800
2014-03-10,2699400
2014-03-11,2771000
2014-03-12,3770000
2014-03-13,5694200
2014-03-14,7082600
2014-03-17,3556600
2014-03-18,3868000
2014-03-19,2658000
2014-03-20,3066200
2014-03-21,7103200
2014-03-24,3675200
2014-03-25,3965200
2014-03-26,2788000
2014-03-27,1935400
2014-03-28,2797200
2014-03-31,2822600
2014-04-01,1962200
2014-04-02,1827400
2014-04-03,1843800
2014-04-04,2674400
2014-04-07,4370400
2014-04-08,4100800
2014-04-09,4665800
2014-04-10,3392800
2014-04-11,3138200
2014-04-14,3406600
2014-04-15,3168800
2014-04-16,3804400
2014-04-17,2067800
2014-04-21,22768600
2014-04-22,13944000
2014-04-23,4719600
2014-04-24,14964400
2014-04-25,3958200
2014-04-28,53168800
2014-04-29,24795200
2014-04-30,19552200
2014-05-01,26121000
2014-05-02,19763400
2014-05-05,11594600
2014-05-06,14297200
2014-05-07,14208200
2014-05-08,14230000
2014-05-09,30000800
2014-05-12,5837600
2014-05-13,12664400
2014-05-14,10976200
2014-05-15,13022400
2014-05-16,17973200
2014-05-19,57465800
2014-05-20,24378800
2014-05-21,20611000
2014-05-22,15340600
2014-05-23,13345600
2014-05-27,13802800
2014-05-28,8056600
2014-05-29,6878800
2014-05-30,5603600
2014-06-02,7207400
2014-06-03,10285800
2014-06-04,6200200
2014-06-05,10752000
2014-06-06,5529600
2014-06-09,5383600
2014-06-10,9963800
2014-06-11,12080800
2014-06-12,5287200
2014-06-13,6150400
2014-06-16,4635800
2014-06-17,2058200
2014-06-18,4339000
2014-06-19,4943000
2014-06-20,8451000
2014-06-23,4837600
2014-06-24,3519200
2014-06-25,4283800
2014-06-26,3769200
2014-06-27,2286800
2014-06-30,3302000
2014-07-01,1772000
2014-07-02,5179800
2014-07-03,2032600
2014-07-07,3684200
2014-07-08,2960800
2014-07-09,5118000
2014-07-10,2045000
2014-07-11,1231000
2014-07-14,2442600
2014-07-15,3102000
2014-07-16,3451000
2014-07-17,5037800
2014-07-18,4871600
2014-07-21,2128400
2014-07-22,3082200
2014-07-23,5485800
2014-07-24,2805000
2014-07-25,2931600
2014-07-28,3064000
2014-07-29,7755400
2014-07-30,6712400
2014-07-31,12415400
2014-08-01,7358800
2014-08-04,10145800
2014-08-05,18953400
2014-08-06,15272600
2014-08-07,3714400
2014-08-08,7401600
2014-08-11,5211600
2014-08-12,3328600
2014-08-13,4641000
2014-08-14,4201600
2014-08-15,4641200
2014-08-18,4280200
2014-08-19,2705800
2014-08-20,3387000
2014-08-21,7106200
2014-08-22,3849000
2014-08-25,3514800
2014-08-26,3055000
2014-08-27,2543400
2014-08-28,2473200
2014-08-29,5991200
2014-09-02,4452600
2014-09-03,2436000
2014-09-04,1585400
2014-09-05,2183400
2014-09-08,3513800
2014-09-09,2383600
2014-09-10,1866400
2014-09-11,2382200
2014-09-12,3597400
2014-09-15,1490800
2014-09-16,4782400
2014-09-17,3997400
2014-09-18,2047400
2014-09-19,3219200
2014-09-22,3132600
2014-09-23,16501000
2014-09-24,3279400
2014-09-25,2384600
2014-09-26,3530800
2014-09-29,2174600
2014-09-30,5825600
2014-10-01,2250400
2014-10-02,3375400
2014-10-03,2044200
2014-10-06,1933400
2014-10-07,2620400
2014-10-08,2601600
2014-10-09,5337800
2014-10-10,11264000
2014-10-13,6215200
2014-10-14,5355200
2014-10-15,8726600
2014-10-16,7768600
2014-10-17,8346400
2014-10-20,4065200
2014-10-21,5780600
2014-10-22,3803600
2014-10-23,2375600
2014-10-24,4693000
2014-10-27,2357000
2014-10-28,4342600
2014-10-29,2889400
2014-10-30,2597600
2014-10-31,5019200
2014-11-03,1433400
2014-11-04,2725800
2014-11-05,2878600
2014-11-06,3581000
2014-11-07,5814800
2014-11-10,2405400
2014-11-11,2482000
2014-11-12,3141600
2014-11-13,2378200
2014-11-14,2379000
2014-11-17,4384600
2014-11-18,3912200
2014-11-19,4349200
2014-11-20,3278200
2014-11-21,2318800
2014-11-24,2241400
2014-11-25,2804000
2014-11-26,1253400
2014-11-28,1845200
2014-12-01,2837000
2014-12-02,4457400
2014-12-03,4370200
2014-12-04,2415600
2014-12-05,2123200
2014-12-08,1693800
2014-12-09,1992000
2014-12-10,15565200
2014-12-11,6725400
2014-12-12,3827400
2014-12-15,5659800
2014-12-16,3118800
2014-12-17,4432200
2014-12-18,2422200
2014-12-19,2975800
2014-12-22,2122400
2014-12-23,2991200
2014-12-24,1621600
2014-12-26,879400
2014-12-29,2633400
2014-12-30,1329000
2014-12-31,1105400
2015-01-02,1593400
2015-01-05,2976800
2015-01-06,4995600
2015-01-07,3035400
2015-01-08,4312200
2015-01-09,3737200
2015-01-12,3322800
2015-01-13,2569000
2015-01-14,2986400
2015-01-15,2877200
2015-01-16,2264200
2015-01-20,2811400
2015-01-21,3522000
2015-01-22,3072600
2015-01-23,3163600
2015-01-26,6045600
2015-01-27,9655600
2015-01-28,2529400
2015-01-29,3649400
2015-01-30,3430400
2015-02-02,3841400
2015-02-03,3492600
2015-02-04,6599400
2015-02-05,7487600
2015-02-06,5906600
2015-02-09,3367000
2015-02-10,4876200
2015-02-11,2782600
2015-02-12,2867000
2015-02-13,4340000
2015-02-17,4984000
2015-02-18,3607800
2015-02-19,4213800
2015-02-20,2340200
2015-02-23,2067400
2015-02-24,4153400
2015-02-25,3854400
2015-02-26,2087200
2015-02-27,1298200
2015-03-02,1538400
2015-03-03,2203600
2015-03-04,2647600
2015-03-05,2159400
2015-03-06,2712600
2015-03-09,1839800
2015-03-10,2337000
2015-03-11,1894200
2015-03-12,4081800
2015-03-13,2886400
2015-03-16,3154000
2015-03-17,2406000
2015-03-18,3878800
2015-03-19,3077600
2015-03-20,4925000
2015-03-23,1554800
2015-03-24,3233200
2015-03-25,2513600
2015-03-26,1791600
2015-03-27,1481600
2015-03-30,1684400
2015-03-31,2482400
2015-04-01,1736000
2015-04-02,2480000
2015-04-06,1942800
2015-04-07,1467400
2015-04-08,1785000
2015-04-09,1778200
2015-04-10,2291600
2015-04-13,2141000
2015-04-14,3602800
2015-04-15,2531600
2015-04-16,2387400
2015-04-17,1946600
2015-04-20,1111600
2015-04-21,1974200
2015-04-22,3050000
2015-04-23,2072200
2015-04-24,3753800
2015-04-27,2971800
2015-04-28,3970600
2015-04-29,3093800
2015-04-30,2104800
2015-05-01,2315400
2015-05-04,1820200
2015-05-05,2581200
2015-05-06,1425400
2015-05-07,1807600
2015-05-08,3525600
2015-05-11,2503800
2015-05-12,1936400
2015-05-13,2480800
2015-05-14,1686200
2015-05-15,2536600
2015-05-18,1333600
2015-05-19,1873600
2015-05-20,1740200
2015-05-21,2836800
2015-05-22,1399200
2015-05-26,4307400
2015-05-27,1947800
2015-05-28,4626200
2015-05-29,4241800
2015-06-01,4312000
2015-06-02,2542200
2015-06-03,2067600
2015-06-04,2818400
2015-06-05,1602600
2015-06-08,2168400
2015-06-09,3865400
2015-06-10,2607800
2015-06-11,1714400
2015-06-12,1297600
2015-06-15,2430400
2015-06-16,1801600
2015-06-17,2554000
2015-06-18,4520400
2015-06-19,3982200
2015-06-22,4297600
2015-06-23,2900000
2015-06-24,1514400
2015-06-25,1433400
2015-06-26,6759800
2015-06-29,5349800
2015-06-30,6691000
2015-07-01,4269000
2015-07-02,2375200
2015-07-06,1960000
2015-07-07,6898200
2015-07-08,2037800
2015-07-09,1848200
2015-07-10,2026000
2015-07-13,2983200
2015-07-14,1531000
2015-07-15,2679000
2015-07-16,1361200
2015-07-17,5262800
2015-07-20,1327400
2015-07-21,1282600
2015-07-22,1376400
2015-07-23,1269800
2015-07-24,3942800
2015-07-27,1278300
2015-07-28,2123900
2015-07-29,1869300
2015-07-30,2192700
2015-07-31,1055300
2015-08-03,2598200
2015-08-04,1921400
2015-08-05,1574300
2015-08-06,2265700
2015-08-07,3274500
2015-08-10,1185700
2015-08-11,2079000
2015-08-12,1486000
2015-08-13,1842500
2015-08-14,1229800
2015-08-17,1560000
2015-08-18,1412400
2015-08-19,896300
2015-08-20,985700
2015-08-21,1725000
2015-08-24,3788700
2015-08-25,2881000
2015-08-26,3287200
2015-08-27,2103500
2015-08-28,1735500
2015-08-31,1720700
2015-09-01,2266900
2015-09-02,2645300
2015-09-03,2843800
2015-09-04,1993100
2015-09-08,2350500
2015-09-09,2532700
2015-09-10,3565200
2015-09-11,2018800
2015-09-14,1493000
2015-09-15,2312300
2015-09-16,2138300
2015-09-17,3528700
2015-09-18,6937300
2015-09-21,4795000
2015-09-22,3717600
2015-09-23,1956700
2015-09-24,1914000
2015-09-25,3432100
2015-09-28,4275200
2015-09-29,2282500
2015-09-30,1818000
2015-10-01,1914300
2015-10-02,2071400
2015-10-05,1720100
2015-10-06,2441000
2015-10-07,3623400
2015-10-08,4027100
2015-10-09,2425100
2015-10-12,2393400
2015-10-13,3289500
2015-10-14,1667000
2015-10-15,2514700
2015-10-16,2391300
2015-10-19,3629400
2015-10-20,2979500
2015-10-21,3249300
2015-10-22,2899500
2015-10-23,2229000
2015-10-26,1269300
2015-10-27,2393000
2015-10-28,2346600
2015-10-29,2832800
2015-10-30,2011400
2015-11-02,2352500
2015-11-03,2010600
2015-11-04,3907400
2015-11-05,2429000
2015-11-06,3495000
2015-11-09,2234800
2015-11-10,1979900
2015-11-11,2218600
2015-11-12,2598600
2015-11-13,3075300
2015-11-16,8504400
2015-11-17,5671600
2015-11-18,5612900
2015-11-19,6944400
2015-11-20,4738600
2015-11-23,3918100
2015-11-24,4762400
2015-11-25,3922400
2015-11-27,1252400
2015-11-30,3776000
2015-12-01,4550400
2015-12-02,4100800
2015-12-03,5124000
2015-12-04,2621400
2015-12-07,3103300
2015-12-08,3490100
2015-12-09,3343000
2015-12-10,1960200
2015-12-11,4455400
2015-12-14,3467200
2015-12-15,2782600
2015-12-16,2178700
2015-12-17,2999500
2015-12-18,4421200
2015-12-21,2911900
2015-12-22,2350600
2015-12-23,2689400
2015-12-24,805900
2015-12-28,1489600
2015-12-29,1833900
2015-12-30,3238400
2015-12-31,1443200
2016-01-04,3416500
2016-01-05,2927600
2016-01-06,3315800
2016-01-07,7041300
2016-01-08,3081100
2016-01-11,4113900
2016-01-12,2956100
2016-01-13,3527900
2016-01-14,4237300
2016-01-15,5119200
2016-01-19,4357900
2016-01-20,5081200
2016-01-21,5120800
2016-01-22,6369300
2016-01-25,3364700
2016-01-26,4076500
2016-01-27,4807500
2016-01-28,5108800
2016-01-29,5121300
2016-02-01,5091600
2016-02-02,5617200
2016-02-03,7715400
2016-02-04,12627600
2016-02-05,11240200
2016-02-08,11646500
2016-02-09,6107900
2016-02-10,4790100
2016-02-11,4851600
2016-02-12,2995700
2016-02-16,5606500
2016-02-17,4602000
2016-02-18,4789100
2016-02-19,4258600
2016-02-22,3111300
2016-02-23,4983600
2016-02-24,3824300
2016-02-25,2847200
2016-02-26,3649300
2016-02-29,4854300
2016-03-01,5318300
2016-03-02,5854500
2016-03-03,4251800
2016-03-04,4312100
2016-03-07,3875200
2016-03-08,3620800
2016-03-09,3828300
2016-03-10,5324000
2016-03-11,7360300
2016-03-14,8741300
2016-03-15,7214900
2016-03-16,4875600
2016-03-17,6486600
2016-03-18,4819500
2016-03-21,3728600
2016-03-22,8217900
2016-03-23,3934900
2016-03-24,3159400
2016-03-28,2975400
2016-03-29,2940000
2016-03-30,2518900
2016-03-31,2181700
2016-04-01,3135400
2016-04-04,3825600
2016-04-05,5075700
2016-04-06,5192500
2016-04-07,4488800
2016-04-08,2951500
2016-04-11,3083200
2016-04-12,3250300
2016-04-13,2772700
2016-04-14,1991200
2016-04-15,2268000
2016-04-18,7279700
2016-04-19,4323500
2016-04-20,3518100
2016-04-21,4089800
2016-04-22,2280500
2016-04-25,2698100
2016-04-26,3805600
2016-04-27,4806900
2016-04-28,3706900
2016-04-29,4752700
2016-05-02,2607900
2016-05-03,5237600
2016-05-04,4892000
2016-05-05,3884600
2016-05-06,2889600
2016-05-09,3361200
2016-05-10,3315400
2016-05-11,2258900
2016-05-12,3616800
2016-05-13,4736200
2016-05-16,3673300
2016-05-17,2381900
2016-05-18,3774800
2016-05-19,2998100
2016-05-20,3643100
2016-05-23,3350100
2016-05-24,3534300
2016-05-25,4727700
2016-05-26,5475200
2016-05-27,4899000
2016-05-31,4573200
2016-06-01,4156000
2016-06-02,3038500
2016-06-03,2759200
2016-06-06,2787400
2016-06-07,4011000
2016-06-08,3686100
2016-06-09,3629300
2016-06-10,5556500
2016-06-13,3772600
2016-06-14,6096200
2016-06-15,4787600
2016-06-16,6182600
2016-06-17,8598600
2016-06-20,5178000
2016-06-21,4146900
2016-06-22,6579700
2016-06-23,4197000
2016-06-24,10567300
2016-06-27,8197400
2016-06-28,5927800
2016-06-29,6757400
2016-06-30,5627500
2016-07-01,4066700
2016-07-05,4031800
2016-07-06,4352100
2016-07-07,3846400
2016-07-08,3788300
2016-07-11,3773700
2016-07-12,11359300
2016-07-13,9620700
2016-07-14,9503200
2016-07-15,7349700
2016-07-18,5850000
2016-07-19,7143600
2016-07-20,5953000
2016-07-21,9556300
2016-07-22,12323100
2016-07-25,8189800
2016-07-26,8335500
2016-07-27,9422900
2016-07-28,20001300
2016-07-29,11506500
2016-08-01,6605200
2016-08-02,7691500
2016-08-03,9399900
2016-08-04,6766500
2016-08-05,11262600
2016-08-08,6084900
2016-08-09,4840100
2016-08-10,3310100
2016-08-11,3568100
2016-08-12,5102500
2016-08-15,3672900
2016-08-16,3945200
2016-08-17,3680300
2016-08-18,3092200
2016-08-19,3266300
2016-08-22,6350100
2016-08-23,4632300
2016-08-24,5432000
2016-08-25,3894900
2016-08-26,4839100
2016-08-29,2478400
2016-08-30,4694200
2016-08-31,4773600
2016-09-01,6531000
2016-09-02,3646800
2016-09-06,3789100
2016-09-07,4487400
2016-09-08,6069400
2016-09-09,4467100
2016-09-12,3603500
2016-09-13,5833700
2016-09-14,6971700
2016-09-15,6016900
2016-09-16,5154700
2016-09-19,3330100
2016-09-20,3429700
2016-09-21,3941500
2016-09-22,4547900
2016-09-23,3795000
2016-09-26,4243300
2016-09-27,3677900
2016-09-28,8518000
2016-09-29,6969900
2016-09-30,4557400
2016-10-03,3088600
2016-10-04,5415400
2016-10-05,4325300
2016-10-06,3513900
2016-10-07,4009000
2016-10-10,3694000
2016-10-11,5618600
2016-10-12,3401000
2016-10-13,3447800
2016-10-14,4252600
2016-10-17,8283500
2016-10-18,3923100
2016-10-19,3033100
2016-10-20,3004600
2016-10-21,2681500
2016-10-24,4133600
2016-10-25,8936800
2016-10-26,3803100
2016-10-27,20211200
2016-10-28,13840700
2016-10-31,4552900
2016-11-01,5870600
2016-11-02,6065900
2016-11-03,4477300
2016-11-04,5700400
2016-11-07,3647200
2016-11-08,4206900
2016-11-09,9201300
2016-11-10,17307700
2016-11-11,12122700
2016-11-14,5438900
2016-11-15,3514700
2016-11-16,6476600
2016-11-17,7908300
2016-11-18,6994300
2016-11-21,4236100
2016-11-22,13821400
2016-11-23,13527200
2016-11-25,9569300
2016-11-28,6368400
2016-11-29,6372300
2016-11-30,10601000
2016-12-01,9000100
2016-12-02,8836800
2016-12-05,7953400
2016-12-06,5151700
2016-12-07,11604700
2016-12-08,7212800
2016-12-09,8677300
2016-12-12,7253800
2016-12-13,10627100
2016-12-14,10803400
2016-12-15,12048000
2016-12-16,8479000
2016-12-19,15964800
2016-12-20,12312700
2016-12-21,12246100
2016-12-22,12610600
2016-12-23,2983700
2016-12-27,2983400
2016-12-28,4793800
2016-12-29,4589900
2016-12-30,3724300
2017-01-03,5130800
2017-01-04,4562500
2017-01-05,5583000
2017-01-06,6055500
2017-01-09,4158600
2017-01-10,5332200
2017-01-11,7149700
2017-01-12,8549000
2017-01-13,5159800
2017-01-17,7320600
2017-01-18,6141800
2017-01-19,3693000
2017-01-20,10125600
2017-01-23,5507100
2017-01-24,9280800
2017-01-25,4791700
2017-01-26,10392600
2017-01-27,7378700
2017-01-30,6143000
2017-01-31,10641900
2017-02-01,10012100
2017-02-02,11199200
2017-02-03,10788400
2017-02-06,6300300
2017-02-07,6341400
2017-02-08,5109000
2017-02-09,7264000
2017-02-10,8700900
2017-02-13,5482700
2017-02-14,5479400
2017-02-15,3758400
2017-02-16,4400500
2017-02-17,4496100
2017-02-21,4471800
2017-02-22,5119000
2017-02-23,5213000
2017-02-24,3539600
2017-02-27,3631400
2017-02-28,3929600
2017-03-01,6947000
2017-03-02,6804900
2017-03-03,5304000
2017-03-06,3365700
2017-03-07,3971800
2017-03-08,4612900
2017-03-09,3763700
2017-03-10,3932000
2017-03-13,3957600
2017-03-14,7598900
2017-03-15,5140700
2017-03-16,3101300
2017-03-17,4358700
2017-03-20,3443900
2017-03-21,3920800
2017-03-22,6134200
2017-03-23,11268900
2017-03-24,3983600
2017-03-27,4517400
2017-03-28,4575800
2017-03-29,3480600
2017-03-30,2268600
2017-03-31,2743400
2017-04-03,2811800
2017-04-04,2856600
2017-04-05,5355100
2017-04-06,3928000
2017-04-07,7000600
2017-04-10,3923200
2017-04-11,2963200
2017-04-12,2324700
2017-04-13,2649900
2017-04-17,2574000
2017-04-18,4444100
2017-04-19,3641700
2017-04-20,3179900
2017-04-21,2044800
2017-04-24,2642600
2017-04-25,3021000
2017-04-26,4205100
2017-04-27,4690000
2017-04-28,4930500
2017-05-01,2902000
2017-05-02,4441400
2017-05-03,3020000
2017-05-04,3691100
2017-05-05,2605100
2017-05-08,2511000
2017-05-09,4359400
2017-05-10,2604600
2017-05-11,2717900
2017-05-12,19332300
2017-05-15,6014300
2017-05-16,4951500
2017-05-17,5581000
2017-05-18,3723800
2017-05-19,3215900
2017-05-22,4377000
2017-05-23,3978900
2017-05-24,4281100
2017-05-25,2606100
2017-05-26,2555300
2017-05-30,2603100
2017-05-31,3703600
2017-06-01,4155400
2017-06-02,5115800
2017-06-05,4595100
2017-06-06,3188000
2017-06-07,5046400
2017-06-08,3153200
2017-06-09,6947500
2017-06-12,3266600
2017-06-13,3310400
2017-06-14,2739700
2017-06-15,3295800
2017-06-16,2511300
2017-06-19,3950100
2017-06-20,5164400
2017-06-21,3639600
2017-06-22,4015300
2017-06-23,3128300
2017-06-26,2830100
2017-06-27,2967900
2017-06-28,3873700
2017-06-29,3395400
2017-06-30,2697600
2017-07-03,1703400
2017-07-05,2578700
2017-07-06,3984600
2017-07-07,2819500
2017-07-10,2530700
2017-07-11,3586700
2017-07-12,9939800
2017-07-13,21176500
2017-07-14,11656600
2017-07-17,4220900
2017-07-18,3624400
2017-07-19,4691900
2017-07-20,3365900
2017-07-21,3602700
2017-07-24,4116200
2017-07-25,3173800
2017-07-26,4065700
2017-07-27,27176900
2017-07-28,13288800
2017-07-31,10798400
2017-08-01,6358100
2017-08-02,5676000
2017-08-03,4309800
2017-08-04,5189100
2017-08-07,3568800
2017-08-08,7354400
2017-08-09,4132100
2017-08-10,5866900
2017-08-11,3253500
2017-08-14,2340500
2017-08-15,2129400
2017-08-16,2643000
2017-08-17,4612300
2017-08-18,4184900
2017-08-21,3237900
2017-08-22,3469800
2017-08-23,2443300
2017-08-24,2966300
2017-08-25,2194400
2017-08-28,1570300
2017-08-29,2005900
2017-08-30,1946300
2017-08-31,4497600
2017-09-01,2396200
2017-09-05,4718600
2017-09-06,9305100
2017-09-07,10258800
2017-09-08,5266400
2017-09-11,12110000
2017-09-12,7552400
2017-09-13,6585900
2017-09-14,3600600
2017-09-15,3100700
2017-09-18,4573000
2017-09-19,4386900
2017-09-20,8170400
2017-09-21,3112300
2017-09-22,10233400
2017-09-25,6183500
2017-09-26,5092100
2017-09-27,4395500
2017-09-28,2653200
2017-09-29,2471600
2017-10-02,5145500
2017-10-03,3938300
2017-10-04,2221400
2017-10-05,4724000
2017-10-06,2973600
2017-10-09,2553900
2017-10-10,3685300
2017-10-11,2771000
2017-10-12,5071700
2017-10-13,2864900
2017-10-16,3489300
2017-10-17,6444500
2017-10-18,3782700
2017-10-19,2443700
2017-10-20,2302000
2017-10-23,2575000
2017-10-24,4621500
2017-10-25,3225000
2017-10-26,3635100
2017-10-27,2532200
2017-10-30,2903700
2017-10-31,5030900
2017-11-01,3976200
2017-11-02,3234400
2017-11-03,2923800
2017-11-06,3390600
2017-11-07,4409500
2017-11-08,4434800
2017-11-09,3738600
2017-11-10,4922400
2017-11-13,2416200
2017-11-14,2914200
2017-11-15,2211700
2017-11-16,1991200
2017-11-17,2467500
2017-11-20,1894100
2017-11-21,1358500
2017-11-22,1277200
2017-11-24,955900
2017-11-27,1644700
2017-11-28,3352500
2017-11-29,3594800
2017-11-30,4315600
2017-12-01,3306600
2017-12-04,3113600
2017-12-05,3356300
2017-12-06,2676000
2017-12-07,3479900
2017-12-08,2421200
2017-12-11,3937900
2017-12-12,2216800
2017-12-13,4972900
2017-12-14,3176000
2017-12-15,2256400
2017-12-18,1656400
2017-12-19,1858000
2017-12-20,1509000
2017-12-21,4171000
2017-12-22,2948900
2017-12-26,1712500
2017-12-27,2566900
2017-12-28,2445100
2017-12-29,4096800
2018-01-02,6107400
2018-01-03,4195400
2018-01-04,3870900
2018-01-05,3336000
2018-01-08,1826300
2018-01-09,1761100
2018-01-10,2150100
2018-01-11,2762400
2018-01-12,3017700
2018-01-16,4756500
2018-01-17,2844600
2018-01-18,3102500
2018-01-19,2527100
2018-01-22,2277100
2018-01-23,3529600
2018-01-24,5419300
2018-01-25,3579400
2018-01-26,5028800
2018-01-29,3680700
2018-01-30,3901500
2018-01-31,4888100
2018-02-01,3930400
2018-02-02,7475900
2018-02-05,8558500
2018-02-06,10560000
2018-02-07,6619600
2018-02-08,8095400
2018-02-09,8803400
2018-02-12,4868800
2018-02-13,2671100
2018-02-14,4727600
2018-02-15,3489300
2018-02-16,4257000
2018-02-20,5542500
2018-02-21,4971700
2018-02-22,2593100
2018-02-23,2803900
2018-02-26,2739600
2018-02-27,1982800
2018-02-28,3592400
2018-03-01,4684400
2018-03-02,6761400
2018-03-05,3889000
2018-03-06,3072700
2018-03-07,1528700
2018-03-08,1913700
2018-03-09,2299900
2018-03-12,2527600
2018-03-13,4037200
2018-03-14,2721400
2018-03-15,2193600
2018-03-16,4318200
2018-03-19,6252400
2018-03-20,3495300
2018-03-21,2619400
2018-03-22,3683700
2018-03-23,3967100
2018-03-26,3749600
2018-03-27,3938000
2018-03-28,5121700
2018-03-29,4010000
2018-04-02,3709200
2018-04-03,4806100
2018-04-04,3138800
2018-04-05,3742400
2018-04-06,4298700
2018-04-09,4310400
2018-04-10,6668300
2018-04-11,5384400
2018-04-12,3596700
2018-04-13,3158000
2018-04-16,4385000
2018-04-17,3080400
2018-04-18,2801100
2018-04-19,9807000
2018-04-20,2488500
2018-04-23,2833400
2018-04-24,3621800
2018-04-25,3351200
2018-04-26,2841200
2018-04-27,3070800
2018-04-30,3082800
2018-05-01,6419000
2018-05-02,5403400
2018-05-03,4985100
2018-05-04,5477500
2018-05-07,3168700
2018-05-08,4682700
2018-05-09,3930900
2018-05-10,2629600
2018-05-11,3441000
2018-05-14,3362400
2018-05-15,4401400
2018-05-16,3442400
2018-05-17,5134500
2018-05-18,5758500
2018-05-21,8240800
2018-05-22,7644100
2018-05-23,4918300
2018-05-24,3520200
2018-05-25,5445200
2018-05-29,2745100
2018-05-30,2470700
2018-05-31,5900300
2018-06-01,2730500
2018-06-04,2193400
2018-06-05,1537100
2018-06-06,2738500
2018-06-07,2039900
2018-06-08,2640200
2018-06-11,1601700
2018-06-12,2377700
2018-06-13,2476500
2018-06-14,2870600
2018-06-15,2072000
2018-06-18,1900700
2018-06-19,1991800
2018-06-20,1731600
2018-06-21,5349000
2018-06-22,5372800
2018-06-25,2818200
2018-06-26,5032200
2018-06-27,5176100
2018-06-28,2941300
2018-06-29,3455400
2018-07-02,4119700
2018-07-03,1909600
2018-07-05,3715700
2018-07-06,2736100
2018-07-09,2062500
2018-07-10,2407800
2018-07-11,2717600
2018-07-12,8103200
2018-07-13,5218800
2018-07-16,3288200
2018-07-17,3201700
2018-07-18,3626600
2018-07-19,2809000
2018-07-20,2004700
2018-07-23,1739700
2018-07-24,1748700
2018-07-25,2712200
2018-07-26,6361300
2018-07-27,5824600
2018-07-30,5274900
2018-07-31,6709700
2018-08-01,3860500
2018-08-02,4556800
2018-08-03,4095400
2018-08-06,3278000
2018-08-07,3970000
2018-08-08,2863500
2018-08-09,6829400
2018-08-10,5708400
2018-08-13,3009200
2018-08-14,4422400
2018-08-15,6109000
2018-08-16,6798400
2018-08-17,8235400
2018-08-20,6166000
2018-08-21,4979100
2018-08-22,2311200
2018-08-23,3232800
2018-08-24,3087100
2018-08-27,3447800
2018-08-28,2828900
2018-08-29,2995400
2018-08-30,2822300
2018-08-31,3605600
2018-09-04,3053200
2018-09-05,2678300
2018-09-06,2252300
2018-09-07,2167200
2018-09-10,3072800
2018-09-11,3783800
2018-09-12,7607100
2018-09-13,5416000
2018-09-14,3847800
2018-09-17,3833900
2018-09-18,3625400
2018-09-19,2142600
2018-09-20,1839100
2018-09-21,1705200
2018-09-24,2143300
2018-09-25,6051500
2018-09-26,6031900
2018-09-27,5442400
2018-09-28,3611000
2018-10-01,2543500
2018-10-02,1868200
2018-10-03,6248900
2018-10-04,4986500
2018-10-05,3303400
2018-10-08,2906300
2018-10-09,3946400
2018-10-10,3227800
2018-10-11,6067200
2018-10-12,3687000
2018-10-15,3034700
2018-10-16,7622100
2018-10-17,4895200
2018-10-18,5896100
2018-10-19,3574900
2018-10-22,4488600
2018-10-23,4603400
2018-10-24,5809500
2018-10-25,5385300
2018-10-26,3960300
2018-10-29,7780900
2018-10-30,4884100
2018-10-31,4638500
2018-11-01,2853700
2018-11-02,3369200
2018-11-05,4129000
2018-11-06,2778700
2018-11-07,3950600
2018-11-08,5475600
2018-11-09,5144700
2018-11-12,4398100
2018-11-13,9200700
2018-11-14,5425000
2018-11-15,6780000
2018-11-16,7069200
2018-11-19,6167500
2018-11-20,4330000
2018-11-21,1771000
2018-11-23,2185400
2018-11-26,3674000
2018-11-27,5834400
2018-11-28,5109000
2018-11-29,4519000
2018-11-30,4478900
2018-12-03,6550400
2018-12-04,5955700
2018-12-06,5609400
2018-12-07,3825900
2018-12-10,6815800
2018-12-11,6533300
2018-12-12,4978200
2018-12-13,2060400
2018-12-14,4628400
2018-12-17,4360600
2018-12-18,2882100
2018-12-19,4191500
2018-12-20,4608600
2018-12-21,3445700
2018-12-24,3341300
2018-12-26,4502500
2018-12-27,6091200
2018-12-28,3241100
2018-12-31,1625600
2019-01-02,3594000
2019-01-03,5013500
2019-01-04,2854000
2019-01-07,5738700
2019-01-08,4697400
2019-01-09,6482000
2019-01-10,4809000
2019-01-11,5401000
2019-01-14,13875300
2019-01-15,10138800
2019-01-16,7091500
2019-01-17,4168300
2019-01-18,4366500
2019-01-22,7044100
2019-01-23,7925300
2019-01-24,6285400
2019-01-25,6896600
2019-01-28,3998900
2019-01-29,4498800
2019-01-30,4823500
2019-01-31,4978500
2019-02-01,3587800
2019-02-04,2652500
2019-02-05,2281600
2019-02-06,3083500
2019-02-07,3357000
2019-02-08,3424100
2019-02-11,3903900
2019-02-12,3729300
2019-02-13,4390500
2019-02-14,12341200
2019-02-15,6410200
2019-02-19,8070900
2019-02-20,7081100
2019-02-21,5791400
2019-02-22,5956300
2019-02-25,5982100
2019-02-26,4216800
2019-02-27,4479300
2019-02-28,5698500
2019-03-01,4590000
2019-03-04,3948200
2019-03-05,5668200
2019-03-06,2490000
2019-03-07,5283900
2019-03-08,4139200
2019-03-11,3501500
2019-03-12,3963400
2019-03-13,2973900
2019-03-14,3707800
2019-03-15,8993600
2019-03-18,3076200
2019-03-19,3209200
2019-03-20,3757300
2019-03-21,2434800
2019-03-22,3891200
2019-03-25,2971700
2019-03-26,3106000
2019-03-27,3183500
2019-03-28,4655900
2019-03-29,34782300
2019-04-01,8415500
2019-04-02,10883100
2019-04-03,6320000
2019-04-04,5580600
2019-04-05,5788800
2019-04-08,3169400
2019-04-09,4313100
2019-04-10,6619000
2019-04-11,4514400
2019-04-12,7489800
2019-04-15,3006100
2019-04-16,3334300
2019-04-17,4408300
2019-04-18,5430300
2019-04-22,4253500
2019-04-23,4812200
2019-04-24,3942000
2019-04-25,4729100
2019-04-26,7190400
2019-04-29,5518600
2019-04-30,8666400
2019-05-01,5199600
2019-05-02,10215000
2019-05-03,3217200
2019-05-06,3540300
2019-05-07,2831200
2019-05-08,3193500
2019-05-09,3578100
2019-05-10,8515700
2019-05-13,7657400
2019-05-14,7164800
2019-05-15,4570000
2019-05-16,2988700
2019-05-17,1716300
2019-05-20,3097000
2019-05-21,3438800
2019-05-22,2945100
2019-05-23,5530100
2019-05-24,3086600
2019-05-28,3807800
2019-05-29,3334200
2019-05-30,2912900
2019-05-31,2623000
2019-06-03,2409300
2019-06-04,3415300
2019-06-05,2097300
2019-06-06,2259500
2019-06-07,2070900
2019-06-10,2928900
2019-06-11,2378100
2019-06-12,2507300
2019-06-13,2020000
2019-06-14,1477800
2019-06-17,1864200
2019-06-18,3258500
2019-06-19,3027100
2019-06-20,3353200
2019-06-21,2701700
2019-06-24,1940000
2019-06-25,1382100
2019-06-26,1737900
2019-06-27,1683800
2019-06-28,2304800
2019-07-01,3032900
2019-07-02,2521200
2019-07-03,1819000
2019-07-05,2811700
2019-07-08,2090200
2019-07-09,1667900
2019-07-10,1623000
2019-07-11,2342500
2019-07-12,3229700
2019-07-15,2002700
2019-07-16,1619700
2019-07-17,1324400
2019-07-18,2728400
2019-07-19,3709600
2019-07-22,4338500
2019-07-23,4153100
2019-07-24,4281600
2019-07-25,10419700
2019-07-26,4226800
2019-07-29,6419700
2019-07-30,3475500
2019-07-31,2255600
2019-08-01,2686200
2019-08-02,4267500
2019-08-05,3823200
2019-08-06,3936500
2019-08-07,4018600
2019-08-08,2368900
2019-08-09,4127300
2019-08-12,2492800
2019-08-13,3457500
2019-08-14,2793400
2019-08-15,1919600
2019-08-16,1495500
2019-08-19,1521000
2019-08-20,5067900
2019-08-21,6007200
2019-08-22,4555100
2019-08-23,3752200
2019-08-26,2435000
2019-08-27,2333900
2019-08-28,2131700
2019-08-29,2692900
2019-08-30,2413600
2019-09-03,2263600
2019-09-04,1741800
2019-09-05,1610000
2019-09-06,1888700
2019-09-09,2821900
2019-09-10,4102700
2019-09-11,7843500
2019-09-12,6763500
2019-09-13,3658900
2019-09-16,2502200
2019-09-17,4918500
2019-09-18,2096200
2019-09-19,4153700
2019-09-20,4868200
2019-09-23,2457000
2019-09-24,2878400
2019-09-25,4193600
2019-09-26,4677500
2019-09-27,2299500
2019-09-30,3505100
2019-10-01,3077900
2019-10-02,3140100
2019-10-03,2001900
2019-10-04,1878400
2019-10-07,2254300
2019-10-08,3093000
2019-10-09,1981500
2019-10-10,6218200
2019-10-11,3842900
2019-10-14,2651700
2019-10-15,2230100
2019-10-16,1663000
2019-10-17,2431500
2019-10-18,1650700
2019-10-21,2389900
2019-10-22,2657000
2019-10-23,3684600
2019-10-24,6002800
2019-10-25,2669400
2019-10-28,4679800
2019-10-29,2264200
2019-10-30,3751100
2019-10-31,5668200
2019-11-01,2804100
2019-11-04,2324000
2019-11-05,3638300
2019-11-06,4024500
2019-11-07,3143500
2019-11-08,5334000
2019-11-11,1957300
2019-11-12,2533500
2019-11-13,2009400
2019-11-14,1498700
2019-11-15,2267000
2019-11-18,1860500
2019-11-19,2105200
2019-11-20,2265900
2019-11-21,2394800
2019-11-22,2008700
2019-11-25,2647000
2019-11-26,1613200
2019-11-27,3655300
2019-11-29,1445300
2019-12-02,8550200
2019-12-03,3058500
2019-12-04,4901000
2019-12-05,2302400
2019-12-06,2477400
2019-12-09,4628100
2019-12-10,3441400
2019-12-11,3233500
2019-12-12,1930000
2019-12-13,1825400
2019-12-16,3149800
2019-12-17,1405000
2019-12-18,3365900
2019-12-19,4377300
2019-12-20,4715100
2019-12-23,3189900
2019-12-24,755800
2019-12-26,1013100
2019-12-27,1636200
2019-12-30,1960300
2019-12-31,1750000
2020-01-02,3587300
2020-01-03,1208700
2020-01-06,1992300
2020-01-07,1871900
2020-01-08,1869000
2020-01-09,1959000
2020-01-10,1872900
2020-01-13,2395900
2020-01-14,2230800
2020-01-15,2489400
2020-01-16,3078300
2020-01-17,2685900
2020-01-21,1964100
2020-01-22,1924000
2020-01-23,1560800
2020-01-24,4466500
2020-01-27,2265600
2020-01-28,1765400
2020-01-29,4044800
2020-01-30,5974200
2020-01-31,4129300
2020-02-03,1990900
2020-02-04,1698800
2020-02-05,2303000
2020-02-06,2531000
2020-02-07,1995500
2020-02-10,1983200
2020-02-11,1848800
2020-02-12,2483000
2020-02-13,2807500
2020-02-14,6665400
2020-02-18,3927900
2020-02-19,3269000
2020-02-20,3000200
2020-02-21,4105800
2020-02-24,4537600
2020-02-25,4347100
2020-02-26,3900300
2020-02-27,4055800
2020-02-28,5656500
2020-03-02,6134400
2020-03-03,4247800
2020-03-04,3337400
2020-03-05,5756900
2020-03-06,3439100
2020-03-09,5031200
2020-03-10,9144800
2020-03-11,5829400
2020-03-12,5412900
2020-03-13,11898000
2020-03-16,7346800
2020-03-17,5411700
2020-03-18,4909200
2020-03-19,9234700
2020-03-20,10050700
2020-03-23,5674000
2020-03-24,6129400
2020-03-25,6575400
2020-03-26,6742700
2020-03-27,6783100
2020-03-30,6985600
2020-03-31,8411200
2020-04-01,6097700
2020-04-02,5918800
2020-04-03,3372700
2020-04-06,5735200
2020-04-07,5600600
2020-04-08,3860200
2020-04-09,5628200
2020-04-13,6555700
2020-04-14,5109000
2020-04-15,2901800
2020-04-16,3218600
2020-04-17,3349400
2020-04-20,3416400
2020-04-21,3545400
2020-04-22,2803600
2020-04-23,2549400
2020-04-24,2087600
2020-04-27,2105000
2020-04-28,5767500
2020-04-29,3786000
2020-04-30,5863600
2020-05-01,3206400
2020-05-04,2852900
2020-05-05,4579300
2020-05-06,6604600
2020-05-07,2626600
2020-05-08,1657700
2020-05-11,3095300
2020-05-12,2221500
2020-05-13,3431200
2020-05-14,4998300
2020-05-15,3716800
2020-05-18,4924100
2020-05-19,3271200
2020-05-20,4038000
2020-05-21,20428200
2020-05-22,6031200
2020-05-26,5626600
2020-05-27,7010200
2020-05-28,4445800
2020-05-29,7585700
2020-06-01,5759800
2020-06-02,4279400
2020-06-03,5464200
2020-06-04,4483700
2020-06-05,6092400
2020-06-08,9762600
2020-06-09,4782300
2020-06-10,4582600
2020-06-11,4787000
2020-06-12,5630300
2020-06-15,5711800
2020-06-16,5535500
2020-06-17,4919100
2020-06-18,3796100
2020-06-19,6807200
2020-06-22,3375400
2020-06-23,10772000
2020-06-24,6418600
2020-06-25,4948300
2020-06-26,6234700
2020-06-29,4526200
2020-06-30,4621900
2020-07-01,5462000
2020-07-02,4591300
2020-07-06,5180900
2020-07-07,3747500
2020-07-08,6247800
2020-07-09,4203000
2020-07-10,5414500
2020-07-13,5639800
2020-07-14,7199600
2020-07-15,19902500
2020-07-16,12358700
2020-07-17,24319500
2020-07-20,56346600
2020-07-21,15351500
2020-07-22,9562100
2020-07-23,8658900
2020-07-24,7748000
2020-07-27,5660200
2020-07-28,4979100
2020-07-29,5038900
2020-07-30,8215100
2020-07-31,6838100
2020-08-03,4799700
2020-08-04,4121300
2020-08-05,3247400
2020-08-06,3532100
2020-08-07,3849200
2020-08-10,2937300
2020-08-11,3948900
2020-08-12,5462700
2020-08-13,3490600
2020-08-14,2893300
2020-08-17,2997600
2020-08-18,4174800
2020-08-19,3322100
2020-08-20,2527500
2020-08-21,3419200
2020-08-24,7379000
2020-08-25,3399700
2020-08-26,2802400
2020-08-27,4195100
2020-08-28,3251900
2020-08-31,3262600
2020-09-01,3943100
2020-09-02,3614200
2020-09-03,5122000
2020-09-04,4610000
2020-09-08,6735600
2020-09-09,11416300
2020-09-10,4407100
2020-09-11,4627700
2020-09-14,4960000
2020-09-15,4300900
2020-09-16,3948500
2020-09-17,3991900
2020-09-18,2931700
2020-09-21,6792700
2020-09-22,3878600
2020-09-23,2922900
2020-09-24,4123700
2020-09-25,4954900
2020-09-28,2741400
2020-09-29,4177500
2020-09-30,3001400
2020-10-01,4728200
2020-10-02,5699100
2020-10-05,6704300
2020-10-06,3695000
2020-10-07,3518700
2020-10-08,2351300
2020-10-09,2092000
2020-10-12,2783500
2020-10-13,2949800
2020-10-14,4656600
2020-10-15,3038700
2020-10-16,2665500
2020-10-19,3143700
2020-10-20,4919100
2020-10-21,8219800
2020-10-22,3751000
2020-10-23,5576900
2020-10-26,6022000
2020-10-27,3702300
2020-10-28,5263200
2020-10-29,3534000
2020-10-30,4761600
2020-11-02,5368800
2020-11-03,4156800
2020-11-04,7385800
2020-11-05,6660900
2020-11-06,3686300
2020-11-09,4381300
2020-11-10,5835800
2020-11-11,4069700
2020-11-12,2902900
2020-11-13,2900500
2020-11-16,5190500
2020-11-17,6451500
2020-11-18,4732300
2020-11-19,6768200
2020-11-20,4306000
2020-11-23,13670600
2020-11-24,8341400
2020-11-25,11660900
2020-11-27,14783200
2020-11-30,14725200
2020-12-01,13301100
2020-12-02,4953700
2020-12-03,7917100
2020-12-04,4685400
2020-12-07,6582900
2020-12-08,6707600
2020-12-09,7952400
2020-12-10,7566800
2020-12-11,3870000
2020-12-14,54898600
2020-12-15,22247400
2020-12-16,19333500
2020-12-17,13957200
2020-12-18,25875200
2020-12-21,13007200
2020-12-22,14221900
2020-12-23,11311000
2020-12-24,4931700
2020-12-28,15481900
2020-12-29,17308500
2020-12-30,14349100
2020-12-31,10610000
2021-01-04,15665800
2021-01-05,13361900
2021-01-06,12754900
2021-01-07,13562600
2021-01-08,10996000
2021-01-11,11680300
2021-01-12,9628800
2021-01-13,11452800
2021-01-14,11521700
2021-01-15,9524000
2021-01-19,13568700
2021-01-20,13626200
2021-01-21,16054800
2021-01-22,13372700
2021-01-25,13742800
2021-01-26,11614400
2021-01-27,14550200
2021-01-28,8374800
2021-01-29,12692500
2021-02-01,14590900
2021-02-02,11349800
2021-02-03,9069700
2021-02-04,7317700
2021-02-05,9809400
2021-02-08,8559100
2021-02-09,8058100
2021-02-10,9656600
2021-02-11,13276000
2021-02-12,11856400
2021-02-16,8823300
2021-02-17,9514000
2021-02-18,9762100
2021-02-19,6895600
2021-02-22,10776000
2021-02-23,14535900
2021-02-24,12218600
2021-02-25,12795900
2021-02-26,8551200
2021-03-01,11384700
2021-03-02,14356500
2021-03-03,14031700
2021-03-04,15996400
2021-03-05,11174800
2021-03-08,11753000
2021-03-09,15539100
2021-03-10,12728700
2021-03-11,12653900
2021-03-12,8919800
2021-03-15,10645400
2021-03-16,16767800
2021-03-17,13008100
2021-03-18,9792200
2021-03-19,6788800
2021-03-22,10092000
2021-03-23,10891800
2021-03-24,6482600
2021-03-25,6800200
2021-03-26,9707500
2021-03-29,8652400
2021-03-30,7084800
2021-03-31,6688300
2021-04-01,5958600
2021-04-05,5294000
2021-04-06,7127800
2021-04-07,9469100
2021-04-08,10361300
2021-04-09,7432200
2021-04-12,7890500
2021-04-13,7733900
2021-04-14,11863600
2021-04-15,13903000
2021-04-16,22166200
2021-04-19,16120700
2021-04-20,13942400
2021-04-21,11431700
2021-04-22,9436000
2021-04-23,6562700
2021-04-26,6451500
2021-04-27,8342200
2021-04-28,8145100
2021-04-29,11150900
2021-04-30,15298000
2021-05-03,6636700
2021-05-04,8149700
2021-05-05,7360500
2021-05-06,5502400
2021-05-07,4775900
2021-05-10,8362000
2021-05-11,7480100
2021-05-12,8345500
2021-05-13,7311600
2021-05-14,5198500
2021-05-17,5528200
2021-05-18,6982700
2021-05-19,10347200
2021-05-20,10172300
2021-05-21,7252800
2021-05-24,4324500
2021-05-25,7404300
2021-05-26,4063400
2021-05-27,12365400
2021-05-28,5563100
2021-06-01,6757100
2021-06-02,6077800
2021-06-03,5497700
2021-06-04,4868800
2021-06-07,6282600
2021-06-08,5164700
2021-06-09,7486500
2021-06-10,7558300
2021-06-11,7684400
2021-06-14,6596700
2021-06-15,5940400
2021-06-16,6968400
2021-06-17,4875000
2021-06-18,14107300
2021-06-21,5305100
2021-06-22,4899900
2021-06-23,5804800
2021-06-24,5247900
2021-06-25,9532500
2021-06-28,5822300
2021-06-29,4667300
2021-06-30,4575500
2021-07-01,4754700
2021-07-02,5197300
2021-07-06,6893600
2021-07-07,6434700
2021-07-08,6895000
2021-07-09,6173600
2021-07-12,10067900
2021-07-13,8321600
2021-07-14,23737800
2021-07-15,27055800
2021-07-16,28642800
2021-07-19,41068100
2021-07-20,65540200
2021-07-21,19553100
2021-07-22,48604900
2021-07-23,14129800
2021-07-26,19736700
2021-07-27,15839100
2021-07-28,10798900
2021-07-29,10601800
2021-07-30,7336500
2021-08-02,7253000
2021-08-03,5249100
2021-08-04,6945300
2021-08-05,8875100
2021-08-06,6220200
2021-08-09,9652700
2021-08-10,6694400
2021-08-11,6156800
2021-08-12,9174700
2021-08-13,7197400
2021-08-16,6117000
2021-08-17,6907600
2021-08-18,9738800
2021-08-19,4327000
2021-08-20,3494000
2021-08-23,6114700
2021-08-24,4234000
2021-08-25,5606800
2021-08-26,3715400
2021-08-27,5244600
2021-08-30,2296500
2021-08-31,4416900
2021-09-01,4344300
2021-09-02,3254300
2021-09-03,5330600
2021-09-07,5063600
2021-09-08,3841500
2021-09-09,5631400
2021-09-10,3930800
2021-09-13,4013000
2021-09-14,6483000
2021-09-15,6923000
2021-09-16,5344700
2021-09-17,7304400
2021-09-20,17488700
2021-09-21,8695900
2021-09-22,6388200
2021-09-23,5322200
2021-09-24,10108200
2021-09-27,5849300
2021-09-28,6232600
2021-09-29,8548200
2021-09-30,7801200
2021-10-01,6071500
2021-10-04,6926100
2021-10-05,4139300
2021-10-06,6688300
2021-10-07,3820400
2021-10-08,3113400
2021-10-11,3753500
2021-10-12,2746200
2021-10-13,4452600
2021-10-14,5588900
2021-10-15,3513200
2021-10-18,4228600
2021-10-19,3404200
2021-10-20,2981500
2021-10-21,2597500
2021-10-22,3997400
2021-10-25,3144700
2021-10-26,2469700
2021-10-27,2513500
2021-10-28,2529900
2021-10-29,3951300
2021-11-01,2819800
2021-11-02,5455200
2021-11-03,3970100
2021-11-04,2811900
2021-11-05,4068500
2021-11-08,4557000
2021-11-09,3618200
2021-11-10,2519100
2021-11-11,2452000
2021-11-12,14155800
2021-11-15,7955700
2021-11-16,7974500
2021-11-17,5216700
2021-11-18,7955800
2021-11-19,4800700
2021-11-22,5073500
2021-11-23,5827200
2021-11-24,3166000
2021-11-26,5813800
2021-11-29,6215200
2021-11-30,6987800
2021-12-01,4902200
2021-12-02,5358300
2021-12-03,5751100
2021-12-06,5214000
2021-12-07,6701100
2021-12-08,4014800
2021-12-09,4824200
2021-12-10,3961000
2021-12-13,3688100
2021-12-14,3585700
2021-12-15,4834700
2021-12-16,6855900
2021-12-17,6013300
2021-12-20,4098700
2021-12-21,7505200
2021-12-22,4095300
2021-12-23,3473600
2021-12-27,2170800
2021-12-28,2188700
2021-12-29,2716500
2021-12-30,2183700
